complaint_id,timestamp,city,complaint_type,phone_hash,bank_ref,description,lat,lon,withdrawal_flag,withdrawal_atm_id,withdrawal_time
CMP-2024-0001,2024-09-26 23:08:57,Jaipur,KYC Fraud,609d10a7553b780e,ICICI530764,Fraudster posing as bank official updated KYC and drained the account.,26.86848,75.8369,no,,
CMP-2024-0002,2024-03-16 23:45:27,Coimbatore,Phishing,22616d28d6f69dc6,UNION427626,Victim received fraudulent email/SMS posing as bank and disclosed credentials.,10.97229,76.97918,yes,ATM-0337,2024-03-18 10:28:30
CMP-2024-0003,2024-01-31 09:06:02,Kolkata,SIM Swap,0ee70945485917f0,ICICI899649,SIM swapped without consent; OTPs intercepted and account emptied.,22.50617,88.28175,yes,ATM-0288,2024-02-03 07:16:04
CMP-2023-0004,2023-11-29 04:09:28,Lucknow,SIM Swap,e1238bcc38d2e210,UNION789786,SIM swapped without consent; OTPs intercepted and account emptied.,26.94554,80.87643,yes,ATM-0360,2023-12-01 11:03:05
CMP-2024-0005,2024-07-12 02:07:44,Kolkata,Phishing,e00fda33f6b03bf4,SBIN693830,Victim received fraudulent email/SMS posing as bank and disclosed credentials.,22.6198,88.23478,no,,
CMP-2024-0006,2024-10-30 05:40:25,Mumbai,SIM Swap,19fdc710c479af5d,YESB540226,SIM swapped without consent; OTPs intercepted and account emptied.,19.06209,72.77492,yes,ATM-0167,2024-11-01 13:36:21
CMP-2022-0007,2022-05-28 14:20:22,Mumbai,Phishing,cc25620f06909153,SBIN891083,Victim received fraudulent email/SMS posing as bank and disclosed credentials.,19.11135,72.92989,yes,ATM-0339,2022-05-29 20:52:07
CMP-2022-0008,2022-08-23 02:29:05,Pune,Lottery Scam,ab0989e5e0da11a1,CNRB219346,Victim paid processing fee for fake lottery winnings and lost money.,18.47395,73.73997,no,,
CMP-2022-0009,2022-07-23 13:22:17,Jaipur,Lottery Scam,ba4d56a5f375b4cd,AXIS514463,Victim paid processing fee for fake lottery winnings and lost money.,27.05773,75.65373,yes,ATM-0109,2022-07-25 20:37:14
CMP-2023-0010,2023-08-02 06:38:11,Hyderabad,KYC Fraud,e68ede4d174c4d28,HDFC621546,Fraudster posing as bank official updated KYC and drained the account.,17.4591,78.38941,yes,ATM-0361,2023-08-02 23:12:16
CMP-2022-0011,2022-05-09 03:55:12,Surat,KYC Fraud,ac09dc04ba6841da,YESB878086,Fraudster posing as bank official updated KYC and drained the account.,21.03289,72.68672,no,,
CMP-2024-0012,2024-03-03 21:11:34,Lucknow,Loan Fraud,ee12c445ac246bbf,YESB843963,Fraudulent loan approved in victim's name; money diverted to mule account.,26.88874,80.88305,yes,ATM-0167,2024-03-04 09:34:04
CMP-2024-0013,2024-09-07 05:21:03,Ahmedabad,KYC Fraud,6d4481b8a4fbc453,YESB985506,Fraudster posing as bank official updated KYC and drained the account.,22.90426,72.5521,yes,ATM-0041,2024-09-08 09:50:45
CMP-2020-0014,2020-11-10 19:28:39,Kolkata,Debit Card Fraud,ec11a5311def0b42,SBIN180089,Card cloned at compromised POS terminal; cash withdrawn from ATM.,22.57574,88.24811,no,,
CMP-2024-0015,2024-06-07 21:02:27,Kolkata,KYC Fraud,08e2db7b2dffdc02,SBIN347745,Fraudster posing as bank official updated KYC and drained the account.,22.45344,88.29069,yes,ATM-0079,2024-06-10 03:46:35
CMP-2022-0016,2022-12-07 05:17:08,Delhi,OTP Scam,8bb58b51a4ce387d,UNION896788,Victim shared OTP with caller impersonating bank support; funds transferred.,28.72794,77.15684,no,,
CMP-2022-0017,2022-11-09 19:04:56,Lucknow,KYC Fraud,66f01bd5baf5dbc7,KOTAK258290,Fraudster posing as bank official updated KYC and drained the account.,26.82863,80.93688,no,,
CMP-2023-0018,2023-10-11 18:11:59,Lucknow,Phishing,d3577a216887f97e,CNRB177794,Victim received fraudulent email/SMS posing as bank and disclosed credentials.,26.78982,80.93177,yes,ATM-0147,2023-10-11 23:43:28
CMP-2024-0019,2024-03-08 13:43:25,Patna,UPI Fraud,1597d0c09c8d54dc,UNION631699,Unauthorized UPI transaction initiated from victim's account via social engineering.,25.55944,85.1617,no,,
CMP-2023-0020,2023-06-07 23:25:27,Chennai,OTP Scam,06098c18e906404f,UNION783501,Victim shared OTP with caller impersonating bank support; funds transferred.,12.98917,80.3022,no,,
CMP-2024-0021,2024-09-29 08:52:21,Ahmedabad,UPI Fraud,10fba118170dda4d,KOTAK849014,Unauthorized UPI transaction initiated from victim's account via social engineering.,22.8978,72.61524,yes,ATM-0363,2024-09-30 16:23:28
CMP-2021-0022,2021-08-20 18:33:19,Jaipur,Investment Scam,bfc1fdc7683ba1ad,KOTAK490963,Victim lured into fake crypto/stock investment platform and lost deposits.,27.03778,75.75352,no,,
CMP-2023-0023,2023-01-27 11:09:27,Chennai,KYC Fraud,d3b35aabdc219b43,KOTAK199096,Fraudster posing as bank official updated KYC and drained the account.,13.10009,80.23667,yes,ATM-0337,2023-01-30 08:35:42
CMP-2022-0024,2022-08-13 12:25:10,Delhi,KYC Fraud,c3135023ef3baa27,UNION795847,Fraudster posing as bank official updated KYC and drained the account.,28.59653,77.05745,no,,
CMP-2023-0025,2023-03-11 08:52:13,Pune,Credit Card Fraud,c0dac03dd782a1fd,ICICI424620,Card details skimmed online; multiple unauthorized international charges.,18.53808,73.89975,yes,ATM-0066,2023-03-13 09:07:07
CMP-2023-0026,2023-12-22 05:58:43,Coimbatore,SIM Swap,200e61da3189f6a4,YESB633188,SIM swapped without consent; OTPs intercepted and account emptied.,10.97535,76.91458,yes,ATM-0110,2023-12-23 06:35:00
CMP-2023-0027,2023-08-06 15:33:28,Bengaluru,Debit Card Fraud,4a8bfe283ee569c7,SBIN180913,Card cloned at compromised POS terminal; cash withdrawn from ATM.,12.91034,77.68104,no,,
CMP-2022-0028,2022-03-28 15:18:20,Coimbatore,SIM Swap,0534d367cca553ef,KOTAK903531,SIM swapped without consent; OTPs intercepted and account emptied.,11.05221,76.98497,yes,ATM-0093,2022-03-31 03:09:44
CMP-2023-0029,2023-08-17 11:24:26,Madurai,Credit Card Fraud,3ca1cf058ba28c6c,BOB145814,Card details skimmed online; multiple unauthorized international charges.,9.89846,78.17271,yes,ATM-0228,2023-08-19 07:22:13
CMP-2023-0030,2023-07-07 11:44:13,Madurai,OTP Scam,1c04ac19bb9d8591,CNRB350786,Victim shared OTP with caller impersonating bank support; funds transferred.,9.86804,78.21239,no,,
CMP-2024-0031,2024-01-04 17:36:09,Kolkata,Investment Scam,3983b3130fb3f59e,BOB906814,Victim lured into fake crypto/stock investment platform and lost deposits.,22.50713,88.32846,no,,
CMP-2024-0032,2024-10-18 02:14:40,Patna,Debit Card Fraud,069ecc332f35a18b,UNION245121,Card cloned at compromised POS terminal; cash withdrawn from ATM.,25.706,85.00325,no,,
CMP-2021-0033,2021-03-24 07:49:02,Indore,UPI Fraud,3a33a64abc3c6b4b,CNRB992512,Unauthorized UPI transaction initiated from victim's account via social engineering.,22.607,75.73286,yes,ATM-0231,2021-03-27 00:59:58
CMP-2019-0034,2019-11-19 20:10:54,Pune,UPI Fraud,a287d5c8fb39340e,BOB466566,Unauthorized UPI transaction initiated from victim's account via social engineering.,18.64954,73.83117,yes,ATM-0192,2019-11-20 13:09:27
CMP-2024-0035,2024-12-19 00:07:15,Kolkata,Debit Card Fraud,829f8f8dec32d80c,KOTAK203896,Card cloned at compromised POS terminal; cash withdrawn from ATM.,22.67435,88.40889,no,,
CMP-2019-0036,2019-10-29 11:32:12,Hyderabad,OTP Scam,cf28a05b5a22a2c4,SBIN895702,Victim shared OTP with caller impersonating bank support; funds transferred.,17.44666,78.47128,yes,ATM-0041,2019-10-29 12:54:18
CMP-2020-0037,2020-04-17 11:59:20,Delhi,SIM Swap,c18828cb5d06b16a,UNION653408,SIM swapped without consent; OTPs intercepted and account emptied.,28.68108,77.18535,yes,ATM-0063,2020-04-17 15:25:37
CMP-2021-0038,2021-07-08 20:06:23,Madurai,Investment Scam,d9aa1e06ca9f49de,ICICI216242,Victim lured into fake crypto/stock investment platform and lost deposits.,10.02621,78.11975,no,,
CMP-2022-0039,2022-10-16 14:43:07,Lucknow,Debit Card Fraud,1d7e3ee7939ef3e7,SBIN405420,Card cloned at compromised POS terminal; cash withdrawn from ATM.,26.82547,80.98064,yes,ATM-0214,2022-10-17 04:12:18
CMP-2023-0040,2023-01-04 01:24:44,Jaipur,KYC Fraud,2c5965a42ee049e8,CNRB670511,Fraudster posing as bank official updated KYC and drained the account.,26.9146,75.9338,no,,
CMP-2021-0041,2021-05-05 11:37:08,Ahmedabad,Phishing,925d5a242d7758d0,YESB491435,Victim received fraudulent email/SMS posing as bank and disclosed credentials.,22.9486,72.42627,no,,
CMP-2021-0042,2021-01-25 11:05:39,Coimbatore,UPI Fraud,373afdb4f8dd4e5a,UNION870899,Unauthorized UPI transaction initiated from victim's account via social engineering.,11.0938,76.84582,yes,ATM-0174,2021-01-27 21:40:00
CMP-2020-0043,2020-01-19 14:53:11,Madurai,OTP Scam,afd00c6c295c7bc2,BOB762423,Victim shared OTP with caller impersonating bank support; funds transferred.,9.82988,78.01026,no,,
CMP-2024-0044,2024-08-29 10:31:59,Chennai,Lottery Scam,69e2dc5155cd44dd,HDFC929538,Victim paid processing fee for fake lottery winnings and lost money.,12.99254,80.13327,no,,
CMP-2022-0045,2022-02-03 04:55:50,Patna,SIM Swap,5d42b419cb35a945,PNB138399,SIM swapped without consent; OTPs intercepted and account emptied.,25.67009,85.04493,yes,ATM-0025,2022-02-05 19:16:05
CMP-2020-0046,2020-12-28 05:55:39,Mumbai,KYC Fraud,0007b914bb71a733,YESB879414,Fraudster posing as bank official updated KYC and drained the account.,19.05792,73.01464,yes,ATM-0096,2020-12-29 17:39:15
CMP-2021-0047,2021-12-26 01:46:12,Indore,SIM Swap,7cfacf737dce9c81,ICICI862400,SIM swapped without consent; OTPs intercepted and account emptied.,22.69695,75.83688,no,,
CMP-2020-0048,2020-01-31 09:07:25,Hyderabad,KYC Fraud,7b05c42796fd852b,ICICI443848,Fraudster posing as bank official updated KYC and drained the account.,17.43328,78.42865,no,,
CMP-2021-0049,2021-07-22 14:53:15,Coimbatore,OTP Scam,128f6d08fa165e0c,BOB144412,Victim shared OTP with caller impersonating bank support; funds transferred.,11.08484,77.07928,no,,
CMP-2021-0050,2021-08-10 22:54:41,Surat,Phishing,71c4815bf4657a92,YESB480959,Victim received fraudulent email/SMS posing as bank and disclosed credentials.,21.17413,72.90607,yes,ATM-0016,2021-08-11 09:11:29
CMP-2022-0051,2022-08-24 04:36:48,Madurai,OTP Scam,25a9bf5fa26ad1de,SBIN170499,Victim shared OTP with caller impersonating bank support; funds transferred.,9.846,78.16335,yes,ATM-0291,2022-08-24 06:56:43
CMP-2019-0052,2019-12-03 04:23:32,Ahmedabad,KYC Fraud,cbc49b6d975ddb55,BOB900152,Fraudster posing as bank official updated KYC and drained the account.,22.89557,72.46271,yes,ATM-0161,2019-12-05 03:09:38
CMP-2020-0053,2020-06-30 21:34:44,Mumbai,Phishing,2128c7c5027306ad,SBIN623285,Victim received fraudulent email/SMS posing as bank and disclosed credentials.,19.08132,73.00176,yes,ATM-0134,2020-07-03 00:16:11
CMP-2020-0054,2020-04-15 02:58:16,Lucknow,Lottery Scam,8c0b655fa39743ee,BOB309902,Victim paid processing fee for fake lottery winnings and lost money.,26.73349,81.05205,no,,
CMP-2024-0055,2024-05-23 00:08:17,Ahmedabad,UPI Fraud,cf87f274d4a8e412,KOTAK800280,Unauthorized UPI transaction initiated from victim's account via social engineering.,22.97673,72.44088,no,,
CMP-2024-0056,2024-05-06 21:47:06,Patna,Credit Card Fraud,ffb8ef01079f4e38,SBIN932250,Card details skimmed online; multiple unauthorized international charges.,25.55255,85.05487,no,,
CMP-2023-0057,2023-10-02 09:58:52,Bengaluru,OTP Scam,c20650751ab507f9,KOTAK680933,Victim shared OTP with caller impersonating bank support; funds transferred.,12.99328,77.58482,no,,
CMP-2019-0058,2019-10-12 07:53:25,Indore,UPI Fraud,a048242920d2536e,PNB517500,Unauthorized UPI transaction initiated from victim's account via social engineering.,22.86948,75.92336,no,,
CMP-2023-0059,2023-08-13 05:44:55,Patna,Investment Scam,ec268624a3320af4,SBIN432427,Victim lured into fake crypto/stock investment platform and lost deposits.,25.6368,85.12259,no,,
CMP-2021-0060,2021-01-24 19:57:54,Indore,SIM Swap,34801f65a00d0029,UNION290802,SIM swapped without consent; OTPs intercepted and account emptied.,22.79993,75.74641,no,,
CMP-2024-0061,2024-03-17 06:02:24,Patna,UPI Fraud,fc8af762c10bd0dc,SBIN418897,Unauthorized UPI transaction initiated from victim's account via social engineering.,25.4935,85.0844,no,,
CMP-2021-0062,2021-01-28 03:16:39,Jaipur,Lottery Scam,17386de7bf3685cf,PNB305837,Victim paid processing fee for fake lottery winnings and lost money.,26.95292,75.80255,yes,ATM-0156,2021-01-29 23:30:59
CMP-2019-0063,2019-07-24 16:50:21,Surat,Credit Card Fraud,95185090f2ac1ff1,UNION261684,Card details skimmed online; multiple unauthorized international charges.,21.07156,72.86844,no,,
CMP-2021-0064,2021-01-09 17:23:18,Indore,Investment Scam,f58d6f37becbb63a,HDFC185168,Victim lured into fake crypto/stock investment platform and lost deposits.,22.58324,75.90014,no,,
CMP-2022-0065,2022-11-27 15:01:07,Madurai,Investment Scam,856987f2968f51d5,UNION770030,Victim lured into fake crypto/stock investment platform and lost deposits.,9.78429,78.2365,no,,
CMP-2022-0066,2022-11-07 10:03:10,Hyderabad,OTP Scam,9fc0539b333f8cf9,YESB411882,Victim shared OTP with caller impersonating bank support; funds transferred.,17.37106,78.54328,yes,ATM-0213,2022-11-08 20:55:08
CMP-2020-0067,2020-03-23 00:20:46,Lucknow,Credit Card Fraud,807b600e3acfd6ac,KOTAK869864,Card details skimmed online; multiple unauthorized international charges.,26.99311,80.89981,yes,ATM-0190,2020-03-24 13:25:28
CMP-2019-0068,2019-08-21 15:34:33,Bengaluru,OTP Scam,150a28c4d6f5bb05,PNB571435,Victim shared OTP with caller impersonating bank support; funds transferred.,12.89598,77.47364,yes,ATM-0197,2019-08-24 05:47:44
CMP-2021-0069,2021-07-05 03:11:50,Patna,Credit Card Fraud,6205a14a575189de,KOTAK705748,Card details skimmed online; multiple unauthorized international charges.,25.66044,85.04455,yes,ATM-0264,2021-07-06 12:48:28
CMP-2024-0070,2024-04-10 01:18:52,Ahmedabad,Phishing,62ec2a2ad039d3ba,YESB629996,Victim received fraudulent email/SMS posing as bank and disclosed credentials.,23.00967,72.49362,no,,
CMP-2019-0071,2019-04-17 14:38:21,Hyderabad,OTP Scam,56569e1b4eb393e9,BOB399628,Victim shared OTP with caller impersonating bank support; funds transferred.,17.39601,78.59085,yes,ATM-0136,2019-04-19 19:01:11
CMP-2023-0072,2023-08-01 14:38:38,Kolkata,Phishing,e4db0829a587e0e5,HDFC697983,Victim received fraudulent email/SMS posing as bank and disclosed credentials.,22.59115,88.32266,yes,ATM-0198,2023-08-03 02:57:01
CMP-2023-0073,2023-08-02 19:25:33,Hyderabad,Investment Scam,8133e750a8a58f07,UNION224582,Victim lured into fake crypto/stock investment platform and lost deposits.,17.2736,78.3657,yes,ATM-0174,2023-08-04 11:35:23
CMP-2021-0074,2021-03-12 01:02:43,Delhi,Debit Card Fraud,dcd527ec52fcbfbd,CNRB520884,Card cloned at compromised POS terminal; cash withdrawn from ATM.,28.70412,76.96609,yes,ATM-0171,2021-03-14 10:55:51
CMP-2022-0075,2022-02-11 20:35:28,Delhi,Investment Scam,037519528ecae759,SBIN443897,Victim lured into fake crypto/stock investment platform and lost deposits.,28.83351,77.04806,yes,ATM-0316,2022-02-14 01:49:20
CMP-2020-0076,2020-10-17 14:56:19,Kolkata,SIM Swap,d381aeeaee51e8bb,CNRB658198,SIM swapped without consent; OTPs intercepted and account emptied.,22.56955,88.38278,no,,
CMP-2019-0077,2019-02-06 10:50:15,Kolkata,UPI Fraud,ad209a56c4d38340,UNION422623,Unauthorized UPI transaction initiated from victim's account via social engineering.,22.66163,88.4315,no,,
CMP-2019-0078,2019-02-28 09:12:50,Ahmedabad,Lottery Scam,f4c5d9c844d32d44,UNION705693,Victim paid processing fee for fake lottery winnings and lost money.,22.94076,72.43681,no,,
CMP-2022-0079,2022-02-22 14:13:58,Coimbatore,Investment Scam,48f2c1a8ac9a94eb,YESB254954,Victim lured into fake crypto/stock investment platform and lost deposits.,11.1133,76.87846,no,,
CMP-2023-0080,2023-03-15 20:11:29,Bengaluru,Phishing,6f76baf942689dc5,KOTAK539122,Victim received fraudulent email/SMS posing as bank and disclosed credentials.,12.86703,77.65175,yes,ATM-0314,2023-03-18 14:28:08
CMP-2024-0081,2024-03-27 08:14:47,Coimbatore,Phishing,200f7e54ecb61c4b,SBIN643878,Victim received fraudulent email/SMS posing as bank and disclosed credentials.,10.929,76.90331,no,,
CMP-2022-0082,2022-02-25 07:41:25,Kolkata,Credit Card Fraud,a28bfaac2ccd8a3e,CNRB458955,Card details skimmed online; multiple unauthorized international charges.,22.58648,88.41666,no,,
CMP-2023-0083,2023-01-31 12:20:30,Madurai,Lottery Scam,c1a5837d053917b0,BOB301603,Victim paid processing fee for fake lottery winnings and lost money.,10.0624,78.0535,yes,ATM-0153,2023-02-02 19:51:59
CMP-2023-0084,2023-03-25 10:30:39,Coimbatore,OTP Scam,37e54a8dc40eb4c3,BOB465746,Victim shared OTP with caller impersonating bank support; funds transferred.,11.03495,77.08615,no,,
CMP-2020-0085,2020-09-22 13:06:59,Lucknow,SIM Swap,448d9138dc749209,YESB958130,SIM swapped without consent; OTPs intercepted and account emptied.,26.80024,81.02812,yes,ATM-0022,2020-09-23 09:49:33
CMP-2023-0086,2023-04-14 16:24:19,Kolkata,OTP Scam,34f2b52d3c5cf5b1,PNB883641,Victim shared OTP with caller impersonating bank support; funds transferred.,22.56632,88.27452,no,,
CMP-2024-0087,2024-08-06 06:07:49,Coimbatore,Lottery Scam,2fdc7472001d06ca,ICICI745584,Victim paid processing fee for fake lottery winnings and lost money.,11.08907,76.87758,yes,ATM-0272,2024-08-06 22:22:44
CMP-2020-0088,2020-05-25 03:28:39,Mumbai,Loan Fraud,992ed9455a70d95d,BOB205428,Fraudulent loan approved in victim's name; money diverted to mule account.,19.13036,72.76894,no,,
CMP-2024-0089,2024-11-12 14:27:24,Delhi,Loan Fraud,19a6f4044a704512,BOB600641,Fraudulent loan approved in victim's name; money diverted to mule account.,28.74926,77.17927,yes,ATM-0147,2024-11-14 12:57:41
CMP-2024-0090,2024-06-12 06:57:25,Mumbai,Investment Scam,8a905fc4ba1a702b,CNRB874568,Victim lured into fake crypto/stock investment platform and lost deposits.,19.14294,73.0087,no,,
CMP-2020-0091,2020-01-19 13:36:22,Indore,Credit Card Fraud,db65b1499be42e29,YESB926236,Card details skimmed online; multiple unauthorized international charges.,22.71822,75.98868,no,,
CMP-2024-0092,2024-07-21 22:52:17,Indore,Phishing,f92e847e2c611929,PNB695551,Victim received fraudulent email/SMS posing as bank and disclosed credentials.,22.75043,75.98624,yes,ATM-0233,2024-07-24 22:05:11
CMP-2022-0093,2022-04-05 08:54:45,Ahmedabad,Credit Card Fraud,003f6d8b26c1499d,BOB386090,Card details skimmed online; multiple unauthorized international charges.,22.93034,72.45519,yes,ATM-0235,2022-04-07 07:35:21
CMP-2023-0094,2023-04-24 10:45:58,Chennai,KYC Fraud,1f2d1d37f738510d,PNB695361,Fraudster posing as bank official updated KYC and drained the account.,13.13502,80.17865,no,,
CMP-2022-0095,2022-10-31 10:45:25,Pune,Loan Fraud,658ed11c3545bc6a,KOTAK190951,Fraudulent loan approved in victim's name; money diverted to mule account.,18.49065,73.73532,no,,
CMP-2021-0096,2021-11-12 02:26:46,Indore,Debit Card Fraud,d20c9564e49179e3,PNB502206,Card cloned at compromised POS terminal; cash withdrawn from ATM.,22.64026,75.93383,no,,
CMP-2020-0097,2020-10-23 13:31:12,Coimbatore,Investment Scam,15d274567a48fe67,PNB785436,Victim lured into fake crypto/stock investment platform and lost deposits.,10.97467,76.87669,no,,
CMP-2021-0098,2021-10-16 16:19:48,Delhi,Loan Fraud,9342c58040ec1e44,CNRB837733,Fraudulent loan approved in victim's name; money diverted to mule account.,28.78505,77.15959,no,,
CMP-2024-0099,2024-08-22 22:23:01,Kolkata,Investment Scam,905e4a67ae19823e,AXIS240057,Victim lured into fake crypto/stock investment platform and lost deposits.,22.56605,88.35039,no,,
CMP-2021-0100,2021-03-29 14:41:19,Coimbatore,SIM Swap,36f39878352bed09,CNRB940952,SIM swapped without consent; OTPs intercepted and account emptied.,11.06603,76.87132,yes,ATM-0306,2021-04-01 05:33:15
CMP-2019-0101,2019-06-29 09:04:05,Ahmedabad,SIM Swap,46c110379d33115e,KOTAK181896,SIM swapped without consent; OTPs intercepted and account emptied.,23.14767,72.45506,no,,
CMP-2024-0102,2024-06-01 05:28:15,Bengaluru,Investment Scam,397b8d6c34f29a05,SBIN272529,Victim lured into fake crypto/stock investment platform and lost deposits.,12.92004,77.6007,yes,ATM-0106,2024-06-03 09:05:20
CMP-2021-0103,2021-12-07 00:31:47,Indore,SIM Swap,1af8d393b82ca4fc,HDFC575458,SIM swapped without consent; OTPs intercepted and account emptied.,22.60918,75.83233,no,,
CMP-2022-0104,2022-05-09 07:47:30,Surat,Lottery Scam,e2367830bc858bcb,HDFC515182,Victim paid processing fee for fake lottery winnings and lost money.,21.09654,72.682,yes,ATM-0038,2022-05-09 11:03:10
CMP-2021-0105,2021-01-24 20:42:21,Mumbai,SIM Swap,1468cdffd480f38d,ICICI595002,SIM swapped without consent; OTPs intercepted and account emptied.,18.93552,72.85036,no,,
CMP-2023-0106,2023-08-05 22:16:58,Coimbatore,Loan Fraud,90ac38b3308b483e,YESB570325,Fraudulent loan approved in victim's name; money diverted to mule account.,11.12769,77.07783,yes,ATM-0350,2023-08-08 19:42:04
CMP-2024-0107,2024-03-31 03:31:58,Delhi,KYC Fraud,90ff11f65f4b914e,SBIN663356,Fraudster posing as bank official updated KYC and drained the account.,28.67202,76.9907,no,,
CMP-2024-0108,2024-01-04 02:15:34,Madurai,Phishing,c4a1477575e1d7ce,BOB806215,Victim received fraudulent email/SMS posing as bank and disclosed credentials.,9.99093,78.09704,yes,ATM-0118,2024-01-04 20:04:49
CMP-2021-0109,2021-01-28 10:27:48,Hyderabad,Debit Card Fraud,8eefe34a44856502,ICICI133782,Card cloned at compromised POS terminal; cash withdrawn from ATM.,17.47784,78.46247,no,,
CMP-2024-0110,2024-04-20 07:27:29,Chennai,Debit Card Fraud,016fe4e87ca644a8,ICICI205797,Card cloned at compromised POS terminal; cash withdrawn from ATM.,13.11088,80.25463,no,,
CMP-2024-0111,2024-03-26 00:25:03,Bengaluru,Phishing,e52dd584c22207ac,BOB345722,Victim received fraudulent email/SMS posing as bank and disclosed credentials.,12.98353,77.67092,no,,
CMP-2019-0112,2019-11-04 00:53:20,Hyderabad,Debit Card Fraud,1d8faa5238d2484e,UNION434394,Card cloned at compromised POS terminal; cash withdrawn from ATM.,17.40824,78.56846,no,,
CMP-2020-0113,2020-06-03 01:21:42,Indore,Credit Card Fraud,7be0205c81bbe92d,CNRB331780,Card details skimmed online; multiple unauthorized international charges.,22.69367,75.79025,no,,
CMP-2022-0114,2022-07-20 08:13:26,Coimbatore,Credit Card Fraud,1daa68f88b01ebfa,YESB682851,Card details skimmed online; multiple unauthorized international charges.,11.01549,77.09749,no,,
CMP-2023-0115,2023-01-10 21:52:31,Madurai,SIM Swap,c971cedf68d53fba,YESB528090,SIM swapped without consent; OTPs intercepted and account emptied.,9.81997,78.08274,no,,
CMP-2021-0116,2021-11-03 11:30:49,Patna,Debit Card Fraud,b31cb4f3c3f6f740,SBIN944917,Card cloned at compromised POS terminal; cash withdrawn from ATM.,25.58301,85.00489,yes,ATM-0214,2021-11-05 03:38:17
CMP-2019-0117,2019-10-21 19:07:59,Bengaluru,Lottery Scam,4fa604d532af99cc,KOTAK778120,Victim paid processing fee for fake lottery winnings and lost money.,12.84532,77.57954,yes,ATM-0275,2019-10-23 23:18:11
CMP-2020-0118,2020-02-22 08:17:07,Hyderabad,Loan Fraud,274f68478c31c077,UNION732209,Fraudulent loan approved in victim's name; money diverted to mule account.,17.24686,78.35854,no,,
CMP-2022-0119,2022-07-11 09:30:02,Surat,SIM Swap,6355cd3493d82c9e,BOB319036,SIM swapped without consent; OTPs intercepted and account emptied.,21.28104,72.78099,no,,
CMP-2019-0120,2019-02-03 14:18:27,Indore,Debit Card Fraud,5d60012a0aca8876,ICICI883159,Card cloned at compromised POS terminal; cash withdrawn from ATM.,22.86947,75.85138,yes,ATM-0310,2019-02-05 16:58:44
CMP-2021-0121,2021-05-19 00:30:00,Bengaluru,SIM Swap,4a8f49a7c1a199b1,PNB499152,SIM swapped without consent; OTPs intercepted and account emptied.,12.96148,77.63922,yes,ATM-0185,2021-05-20 13:25:22
CMP-2021-0122,2021-12-25 12:49:45,Mumbai,OTP Scam,51a8484dc6da7973,KOTAK312994,Victim shared OTP with caller impersonating bank support; funds transferred.,19.03721,72.85188,no,,
CMP-2020-0123,2020-04-29 19:28:37,Delhi,Phishing,c02b44a467799cb1,CNRB712401,Victim received fraudulent email/SMS posing as bank and disclosed credentials.,28.72784,77.07777,yes,ATM-0169,2020-04-30 12:02:18
CMP-2022-0124,2022-06-02 09:48:42,Bengaluru,OTP Scam,85132f5eb738a82f,KOTAK369826,Victim shared OTP with caller impersonating bank support; funds transferred.,13.05061,77.59119,no,,
CMP-2023-0125,2023-06-09 10:48:56,Ahmedabad,Credit Card Fraud,8a2a85ac10206eaa,KOTAK277487,Card details skimmed online; multiple unauthorized international charges.,22.91449,72.58536,yes,ATM-0278,2023-06-12 10:07:08
CMP-2024-0126,2024-09-28 07:20:41,Jaipur,Phishing,eba7c8d928021c4f,HDFC901467,Victim received fraudulent email/SMS posing as bank and disclosed credentials.,26.76432,75.67855,no,,
CMP-2019-0127,2019-05-29 22:01:34,Delhi,Phishing,4c4a4e0b0044217e,CNRB578160,Victim received fraudulent email/SMS posing as bank and disclosed credentials.,28.66606,77.13785,no,,
CMP-2022-0128,2022-09-12 19:03:14,Ahmedabad,OTP Scam,12376e7c91e22f64,HDFC658065,Victim shared OTP with caller impersonating bank support; funds transferred.,23.03799,72.42496,no,,
CMP-2020-0129,2020-08-24 22:58:00,Hyderabad,Phishing,75ad14dda5b88ccb,YESB945328,Victim received fraudulent email/SMS posing as bank and disclosed credentials.,17.51691,78.39048,no,,
CMP-2022-0130,2022-02-22 22:16:54,Bengaluru,Debit Card Fraud,158dfd70a7d51665,CNRB364679,Card cloned at compromised POS terminal; cash withdrawn from ATM.,13.06616,77.5248,yes,ATM-0192,2022-02-25 19:21:04
CMP-2021-0131,2021-10-02 15:56:14,Bengaluru,Debit Card Fraud,48d58658f2e14a51,ICICI785491,Card cloned at compromised POS terminal; cash withdrawn from ATM.,13.1191,77.63957,yes,ATM-0208,2021-10-03 19:14:40
CMP-2022-0132,2022-04-25 23:15:08,Chennai,Phishing,535a7e0d2d9da05c,SBIN186702,Victim received fraudulent email/SMS posing as bank and disclosed credentials.,13.08266,80.25087,no,,
CMP-2022-0133,2022-05-24 19:00:17,Patna,UPI Fraud,b4c5df502eec7055,HDFC340927,Unauthorized UPI transaction initiated from victim's account via social engineering.,25.50753,85.24804,no,,
CMP-2021-0134,2021-11-07 19:42:25,Chennai,UPI Fraud,8b6d7ffb2c1d0a4d,PNB669408,Unauthorized UPI transaction initiated from victim's account via social engineering.,13.10175,80.13057,no,,
CMP-2020-0135,2020-11-20 00:51:47,Bengaluru,Investment Scam,66d869ac5f0e8209,YESB180674,Victim lured into fake crypto/stock investment platform and lost deposits.,12.91138,77.61379,no,,
CMP-2024-0136,2024-02-05 03:04:49,Surat,SIM Swap,8ea593d36ab8aeef,YESB892313,SIM swapped without consent; OTPs intercepted and account emptied.,21.24212,72.91825,no,,
CMP-2019-0137,2019-06-21 20:02:30,Coimbatore,KYC Fraud,18f208dbfa4f4890,ICICI558320,Fraudster posing as bank official updated KYC and drained the account.,10.93644,76.82861,no,,
CMP-2022-0138,2022-09-06 23:29:22,Lucknow,Loan Fraud,dbccca553cc34023,KOTAK131064,Fraudulent loan approved in victim's name; money diverted to mule account.,26.88694,81.03126,no,,
CMP-2020-0139,2020-05-14 20:25:44,Jaipur,Loan Fraud,2313908100714b1e,SBIN812711,Fraudulent loan approved in victim's name; money diverted to mule account.,26.93816,75.75132,no,,
CMP-2020-0140,2020-10-09 04:14:04,Bengaluru,UPI Fraud,c8799446d4aeac29,PNB261712,Unauthorized UPI transaction initiated from victim's account via social engineering.,12.9356,77.67977,yes,ATM-0200,2020-10-10 03:02:07
CMP-2019-0141,2019-08-22 10:52:24,Chennai,Lottery Scam,b6326a71a01ef7a7,KOTAK898329,Victim paid processing fee for fake lottery winnings and lost money.,13.01363,80.16045,yes,ATM-0230,2019-08-24 02:58:34
CMP-2022-0142,2022-01-27 18:11:22,Mumbai,Phishing,04ace34c74962af6,KOTAK681141,Victim received fraudulent email/SMS posing as bank and disclosed credentials.,18.95392,72.90711,yes,ATM-0198,2022-01-27 19:04:41
CMP-2021-0143,2021-06-25 15:47:19,Madurai,UPI Fraud,51c7040858cd4804,CNRB354533,Unauthorized UPI transaction initiated from victim's account via social engineering.,9.94679,78.02067,yes,ATM-0072,2021-06-26 11:09:03
CMP-2020-0144,2020-08-11 01:54:10,Delhi,UPI Fraud,766a815b10e632ae,YESB389366,Unauthorized UPI transaction initiated from victim's account via social engineering.,28.68043,77.09777,yes,ATM-0129,2020-08-13 21:53:13
CMP-2023-0145,2023-04-29 11:46:36,Ahmedabad,Investment Scam,3c11c40b093103cc,AXIS580102,Victim lured into fake crypto/stock investment platform and lost deposits.,22.90459,72.5128,no,,
CMP-2020-0146,2020-12-28 21:18:36,Lucknow,Loan Fraud,0374f04e7dbdd9db,KOTAK561607,Fraudulent loan approved in victim's name; money diverted to mule account.,26.79712,81.04084,no,,
CMP-2024-0147,2024-11-04 12:40:01,Delhi,Lottery Scam,5ac860d67bdfe793,UNION829066,Victim paid processing fee for fake lottery winnings and lost money.,28.61436,77.04675,no,,
CMP-2024-0148,2024-10-23 11:26:49,Hyderabad,OTP Scam,0073f30aba1015aa,AXIS441716,Victim shared OTP with caller impersonating bank support; funds transferred.,17.34782,78.58165,yes,ATM-0059,2024-10-26 06:33:21
CMP-2020-0149,2020-03-13 18:17:08,Jaipur,Credit Card Fraud,d92dde817a692540,CNRB128223,Card details skimmed online; multiple unauthorized international charges.,27.0483,75.77579,no,,
CMP-2021-0150,2021-08-18 15:42:55,Hyderabad,UPI Fraud,1679307713153c94,YESB805668,Unauthorized UPI transaction initiated from victim's account via social engineering.,17.38479,78.5267,yes,ATM-0338,2021-08-19 02:48:49
CMP-2021-0151,2021-07-16 01:45:37,Pune,UPI Fraud,98f1d6718732932a,UNION602514,Unauthorized UPI transaction initiated from victim's account via social engineering.,18.54507,73.86701,no,,
CMP-2024-0152,2024-03-20 08:49:11,Pune,SIM Swap,4caa7cc22eaf5b47,KOTAK835716,SIM swapped without consent; OTPs intercepted and account emptied.,18.63905,73.86777,no,,
CMP-2019-0153,2019-07-06 04:41:24,Madurai,Debit Card Fraud,bf63a8a5e6eb0549,KOTAK274418,Card cloned at compromised POS terminal; cash withdrawn from ATM.,9.9693,77.98309,no,,
CMP-2023-0154,2023-01-24 08:10:55,Pune,KYC Fraud,668a7d380cafb263,YESB211090,Fraudster posing as bank official updated KYC and drained the account.,18.37356,73.78432,no,,
CMP-2022-0155,2022-02-10 16:27:42,Lucknow,Investment Scam,2b487587f427fe82,BOB492292,Victim lured into fake crypto/stock investment platform and lost deposits.,26.81404,81.0279,no,,
CMP-2022-0156,2022-01-01 12:29:33,Kolkata,Phishing,8924503e01d222e3,ICICI409783,Victim received fraudulent email/SMS posing as bank and disclosed credentials.,22.54739,88.50242,yes,ATM-0374,2022-01-01 22:41:35
CMP-2020-0157,2020-11-14 08:26:30,Ahmedabad,Debit Card Fraud,d0ba584dd5d67c80,BOB465219,Card cloned at compromised POS terminal; cash withdrawn from ATM.,23.01535,72.55285,no,,
CMP-2020-0158,2020-11-29 17:32:08,Hyderabad,Phishing,9bd94eb131733194,ICICI123682,Victim received fraudulent email/SMS posing as bank and disclosed credentials.,17.48975,78.53109,no,,
CMP-2019-0159,2019-12-27 02:23:44,Coimbatore,Debit Card Fraud,2115c918e771a510,SBIN678719,Card cloned at compromised POS terminal; cash withdrawn from ATM.,10.91484,76.97375,no,,
CMP-2020-0160,2020-05-22 23:53:31,Pune,Credit Card Fraud,1c82c5d79ed6f888,YESB514798,Card details skimmed online; multiple unauthorized international charges.,18.37916,73.89093,yes,ATM-0304,2020-05-24 06:49:11
CMP-2019-0161,2019-01-10 18:00:03,Bengaluru,Debit Card Fraud,a59a163bcbd5ad87,ICICI705393,Card cloned at compromised POS terminal; cash withdrawn from ATM.,12.85213,77.70619,yes,ATM-0167,2019-01-11 08:11:25
CMP-2019-0162,2019-09-07 16:12:29,Surat,OTP Scam,0d37e13164b65639,KOTAK725969,Victim shared OTP with caller impersonating bank support; funds transferred.,21.13679,72.79886,yes,ATM-0181,2019-09-10 05:05:07
CMP-2022-0163,2022-09-14 15:23:56,Patna,Lottery Scam,abf41ff960734626,UNION188868,Victim paid processing fee for fake lottery winnings and lost money.,25.64573,85.08156,yes,ATM-0060,2022-09-15 04:34:42
CMP-2023-0164,2023-02-28 07:40:01,Jaipur,Loan Fraud,f7c3680e249e1cbd,UNION244564,Fraudulent loan approved in victim's name; money diverted to mule account.,26.93484,75.76421,no,,
CMP-2022-0165,2022-03-23 09:33:05,Indore,Credit Card Fraud,5ff85464a3f031d3,SBIN613426,Card details skimmed online; multiple unauthorized international charges.,22.65625,75.76383,no,,
CMP-2022-0166,2022-09-19 03:03:15,Patna,KYC Fraud,2b0c5f970a637432,BOB243167,Fraudster posing as bank official updated KYC and drained the account.,25.50264,85.10278,no,,
CMP-2022-0167,2022-12-01 21:01:13,Pune,OTP Scam,ea875256f709e63c,BOB612438,Victim shared OTP with caller impersonating bank support; funds transferred.,18.42058,73.87632,no,,
CMP-2020-0168,2020-04-28 04:19:24,Chennai,Lottery Scam,7ba612f9f29a89db,CNRB402692,Victim paid processing fee for fake lottery winnings and lost money.,12.98316,80.2579,no,,
CMP-2023-0169,2023-08-06 03:06:49,Jaipur,SIM Swap,9b4d7deeb06bfad8,UNION219754,SIM swapped without consent; OTPs intercepted and account emptied.,26.84277,75.80023,no,,
CMP-2022-0170,2022-04-02 14:48:32,Madurai,Phishing,51111aadf02c5e6b,BOB672892,Victim received fraudulent email/SMS posing as bank and disclosed credentials.,9.84076,78.09735,no,,
CMP-2022-0171,2022-12-03 04:40:22,Bengaluru,Lottery Scam,bef11eb883b1ee10,BOB375581,Victim paid processing fee for fake lottery winnings and lost money.,12.92617,77.68962,yes,ATM-0061,2022-12-05 12:31:05
CMP-2020-0172,2020-06-03 03:34:16,Madurai,Investment Scam,be5683fa9703896d,KOTAK845279,Victim lured into fake crypto/stock investment platform and lost deposits.,9.95828,78.09825,no,,
CMP-2023-0173,2023-09-16 14:30:58,Patna,Debit Card Fraud,3d422a0cd32b9025,HDFC697766,Card cloned at compromised POS terminal; cash withdrawn from ATM.,25.54934,85.07193,no,,
CMP-2020-0174,2020-12-10 03:00:06,Coimbatore,Lottery Scam,9e822650c6a48dfa,UNION380329,Victim paid processing fee for fake lottery winnings and lost money.,11.15252,76.96012,no,,
CMP-2023-0175,2023-11-22 01:28:21,Delhi,Loan Fraud,d3044eccb95baaae,PNB787757,Fraudulent loan approved in victim's name; money diverted to mule account.,28.59217,77.21232,yes,ATM-0365,2023-11-23 00:39:49
CMP-2020-0176,2020-06-26 09:25:06,Patna,Loan Fraud,aae3e9e676b0d8bf,SBIN705474,Fraudulent loan approved in victim's name; money diverted to mule account.,25.63382,85.17594,yes,ATM-0039,2020-06-28 07:02:22
CMP-2024-0177,2024-04-12 08:29:50,Mumbai,Loan Fraud,14f09073cb0b7cbe,PNB828449,Fraudulent loan approved in victim's name; money diverted to mule account.,19.2069,72.83842,no,,
CMP-2020-0178,2020-12-18 02:10:46,Chennai,UPI Fraud,f921a4cc9cda01ae,BOB765678,Unauthorized UPI transaction initiated from victim's account via social engineering.,13.13194,80.22817,yes,ATM-0274,2020-12-19 06:48:54
CMP-2024-0179,2024-10-22 04:04:23,Patna,Debit Card Fraud,14680651c9fe702b,PNB438548,Card cloned at compromised POS terminal; cash withdrawn from ATM.,25.6926,85.08893,no,,
CMP-2022-0180,2022-05-25 10:01:00,Ahmedabad,KYC Fraud,e66173a370a3ecc9,HDFC148174,Fraudster posing as bank official updated KYC and drained the account.,22.90237,72.65657,no,,
CMP-2019-0181,2019-09-30 04:53:16,Patna,Credit Card Fraud,d290fdc74fa5c504,BOB100708,Card details skimmed online; multiple unauthorized international charges.,25.74165,85.11594,no,,
CMP-2024-0182,2024-06-15 12:16:08,Indore,Lottery Scam,67c5bced1e082097,PNB197874,Victim paid processing fee for fake lottery winnings and lost money.,22.76598,75.78282,yes,ATM-0333,2024-06-16 00:11:12
CMP-2021-0183,2021-05-18 09:13:29,Hyderabad,Debit Card Fraud,731e192ca4c70c78,ICICI837880,Card cloned at compromised POS terminal; cash withdrawn from ATM.,17.26356,78.40073,yes,ATM-0304,2021-05-19 01:30:38
CMP-2023-0184,2023-01-29 20:12:41,Chennai,Phishing,0534e78d7c92bab2,KOTAK956800,Victim received fraudulent email/SMS posing as bank and disclosed credentials.,12.96888,80.3788,no,,
CMP-2021-0185,2021-11-12 15:23:22,Bengaluru,Loan Fraud,2c6621195db9c26f,ICICI208214,Fraudulent loan approved in victim's name; money diverted to mule account.,12.91561,77.7089,yes,ATM-0386,2021-11-15 06:21:11
CMP-2022-0186,2022-11-06 16:38:24,Surat,Credit Card Fraud,92572ce204c2e769,CNRB690653,Card details skimmed online; multiple unauthorized international charges.,21.02274,72.87611,yes,ATM-0370,2022-11-07 07:58:48
CMP-2023-0187,2023-06-28 10:58:06,Indore,Loan Fraud,e504e83d7aca6102,BOB327797,Fraudulent loan approved in victim's name; money diverted to mule account.,22.59561,75.73784,no,,
CMP-2022-0188,2022-07-15 18:09:17,Pune,KYC Fraud,ad44c6d2816a4384,KOTAK929504,Fraudster posing as bank official updated KYC and drained the account.,18.41235,73.78979,yes,ATM-0284,2022-07-17 13:25:36
CMP-2023-0189,2023-04-30 02:30:36,Hyderabad,Phishing,88a04d1db1a7b23a,PNB315425,Victim received fraudulent email/SMS posing as bank and disclosed credentials.,17.39032,78.48956,no,,
CMP-2020-0190,2020-10-09 12:46:59,Chennai,Debit Card Fraud,9659a14dde753ef3,YESB218220,Card cloned at compromised POS terminal; cash withdrawn from ATM.,13.00502,80.31212,yes,ATM-0007,2020-10-12 11:50:19
CMP-2024-0191,2024-08-08 05:28:50,Delhi,Loan Fraud,b8365598691f9e19,YESB483162,Fraudulent loan approved in victim's name; money diverted to mule account.,28.71801,77.00433,no,,
CMP-2024-0192,2024-12-03 07:40:03,Mumbai,Phishing,d26fc7d51e730b10,ICICI114463,Victim received fraudulent email/SMS posing as bank and disclosed credentials.,19.00466,72.73965,yes,ATM-0204,2024-12-04 20:08:37
CMP-2022-0193,2022-10-09 04:45:41,Jaipur,Loan Fraud,a4af3aaa7cc04815,YESB186431,Fraudulent loan approved in victim's name; money diverted to mule account.,26.95456,75.7986,yes,ATM-0043,2022-10-10 03:04:29
CMP-2022-0194,2022-01-25 06:26:46,Bengaluru,Credit Card Fraud,7e6f79841dbd2da0,KOTAK509711,Card details skimmed online; multiple unauthorized international charges.,12.99753,77.67357,no,,
CMP-2022-0195,2022-11-10 03:38:23,Hyderabad,Loan Fraud,b8301f7425dae934,AXIS160718,Fraudulent loan approved in victim's name; money diverted to mule account.,17.30834,78.61409,yes,ATM-0314,2022-11-11 23:28:32
CMP-2020-0196,2020-11-08 15:42:31,Coimbatore,Credit Card Fraud,604b1d75dacde63e,HDFC842287,Card details skimmed online; multiple unauthorized international charges.,10.90796,76.80921,no,,
CMP-2021-0197,2021-01-29 15:08:32,Jaipur,Lottery Scam,96892b95aa33f3e5,KOTAK233096,Victim paid processing fee for fake lottery winnings and lost money.,26.98733,75.89934,no,,
CMP-2019-0198,2019-09-16 15:53:40,Indore,Phishing,d45ed38d01e6081d,YESB385192,Victim received fraudulent email/SMS posing as bank and disclosed credentials.,22.72676,75.78658,no,,
CMP-2022-0199,2022-10-06 22:11:11,Ahmedabad,OTP Scam,bb176f6c1c686267,KOTAK158132,Victim shared OTP with caller impersonating bank support; funds transferred.,23.02238,72.59147,yes,ATM-0131,2022-10-09 05:51:58
CMP-2024-0200,2024-05-13 08:12:38,Surat,UPI Fraud,73909b50ae82a09c,CNRB102693,Unauthorized UPI transaction initiated from victim's account via social engineering.,21.03341,72.93998,yes,ATM-0242,2024-05-14 10:25:00
CMP-2024-0201,2024-07-09 05:11:33,Delhi,Phishing,95f5e163d4506b53,YESB335421,Victim received fraudulent email/SMS posing as bank and disclosed credentials.,28.65064,77.07738,no,,
CMP-2020-0202,2020-08-17 07:49:42,Mumbai,Investment Scam,9e716e0d54ace345,ICICI626428,Victim lured into fake crypto/stock investment platform and lost deposits.,19.128,72.7435,yes,ATM-0265,2020-08-20 06:29:24
CMP-2024-0203,2024-09-21 09:18:41,Mumbai,OTP Scam,4097ea067349ecfa,PNB443199,Victim shared OTP with caller impersonating bank support; funds transferred.,18.95192,72.86472,yes,ATM-0150,2024-09-23 01:54:20
CMP-2020-0204,2020-10-27 20:46:01,Lucknow,Debit Card Fraud,6eca3d93dfe0941f,KOTAK720432,Card cloned at compromised POS terminal; cash withdrawn from ATM.,26.98826,81.09554,no,,
CMP-2023-0205,2023-05-24 19:51:07,Jaipur,Debit Card Fraud,6f7dad8bc12e552b,HDFC529954,Card cloned at compromised POS terminal; cash withdrawn from ATM.,26.76957,75.79976,no,,
CMP-2023-0206,2023-02-28 08:56:34,Chennai,KYC Fraud,83d2d0f5814ca2d7,YESB990247,Fraudster posing as bank official updated KYC and drained the account.,13.15412,80.21295,yes,ATM-0122,2023-03-01 15:10:11
CMP-2024-0207,2024-10-06 22:57:18,Delhi,Lottery Scam,d9b33dd1a45b7c5a,HDFC342716,Victim paid processing fee for fake lottery winnings and lost money.,28.82329,77.10843,no,,
CMP-2021-0208,2021-03-27 03:07:04,Coimbatore,UPI Fraud,6de33b9db4ff66f0,ICICI629979,Unauthorized UPI transaction initiated from victim's account via social engineering.,10.90685,77.05179,yes,ATM-0291,2021-03-27 07:36:08
CMP-2022-0209,2022-12-22 09:57:05,Delhi,Debit Card Fraud,b3c5d393ae6dacaf,PNB992247,Card cloned at compromised POS terminal; cash withdrawn from ATM.,28.6486,77.19275,no,,
CMP-2023-0210,2023-05-31 03:47:42,Kolkata,OTP Scam,1acbb913a87bf724,AXIS178315,Victim shared OTP with caller impersonating bank support; funds transferred.,22.70567,88.25473,no,,
CMP-2019-0211,2019-08-27 18:13:38,Mumbai,Credit Card Fraud,906a60561354e4f9,BOB429287,Card details skimmed online; multiple unauthorized international charges.,19.04795,72.88848,no,,
CMP-2020-0212,2020-03-30 22:20:35,Hyderabad,OTP Scam,eccf8a3f16c19ce9,ICICI194813,Victim shared OTP with caller impersonating bank support; funds transferred.,17.28228,78.54252,no,,
CMP-2023-0213,2023-03-07 20:37:54,Chennai,Debit Card Fraud,838a1cf0f1f949a1,KOTAK255528,Card cloned at compromised POS terminal; cash withdrawn from ATM.,12.96006,80.19517,yes,ATM-0263,2023-03-08 00:09:22
CMP-2020-0214,2020-10-16 18:14:23,Patna,Credit Card Fraud,8247da14f2de023f,YESB996114,Card details skimmed online; multiple unauthorized international charges.,25.57976,85.21202,yes,ATM-0237,2020-10-17 01:34:38
CMP-2023-0215,2023-10-06 05:41:29,Mumbai,Phishing,079cc64082c4d443,AXIS237064,Victim received fraudulent email/SMS posing as bank and disclosed credentials.,18.98544,72.84787,no,,
CMP-2024-0216,2024-08-16 05:26:18,Mumbai,Investment Scam,011c49146d3aeb32,PNB952227,Victim lured into fake crypto/stock investment platform and lost deposits.,18.9485,73.02685,yes,ATM-0331,2024-08-17 13:21:55
CMP-2019-0217,2019-10-10 04:22:29,Indore,KYC Fraud,bbef042b5fca55e3,HDFC583388,Fraudster posing as bank official updated KYC and drained the account.,22.58479,75.98494,yes,ATM-0371,2019-10-11 08:48:52
CMP-2019-0218,2019-03-06 14:17:48,Surat,Loan Fraud,9443a36c105e1cef,KOTAK325146,Fraudulent loan approved in victim's name; money diverted to mule account.,21.29269,72.76359,yes,ATM-0077,2019-03-06 16:47:29
CMP-2022-0219,2022-09-18 14:46:46,Bengaluru,Lottery Scam,66547b5890054282,YESB677438,Victim paid processing fee for fake lottery winnings and lost money.,12.96531,77.47092,yes,ATM-0215,2022-09-19 05:08:26
CMP-2024-0220,2024-04-22 06:34:04,Jaipur,Debit Card Fraud,b5a17c6e44e187dd,CNRB933456,Card cloned at compromised POS terminal; cash withdrawn from ATM.,26.76826,75.75205,no,,
CMP-2021-0221,2021-11-16 23:43:35,Madurai,OTP Scam,17c38b5e65e11c5c,UNION626797,Victim shared OTP with caller impersonating bank support; funds transferred.,9.87168,78.05093,yes,ATM-0306,2021-11-17 15:29:45
CMP-2024-0222,2024-05-16 14:53:42,Madurai,Lottery Scam,fa2e488d4b117a75,BOB655149,Victim paid processing fee for fake lottery winnings and lost money.,9.88243,78.145,yes,ATM-0082,2024-05-16 22:06:17
CMP-2022-0223,2022-12-10 04:33:31,Hyderabad,SIM Swap,a8c584141579a13e,HDFC901164,SIM swapped without consent; OTPs intercepted and account emptied.,17.53392,78.40252,no,,
CMP-2023-0224,2023-10-14 01:59:30,Kolkata,Credit Card Fraud,4f90ff1389c8b300,AXIS721301,Card details skimmed online; multiple unauthorized international charges.,22.518,88.43533,yes,ATM-0303,2023-10-14 04:01:22
CMP-2023-0225,2023-03-15 22:17:21,Lucknow,Investment Scam,afafbf74a1c9424e,UNION297377,Victim lured into fake crypto/stock investment platform and lost deposits.,26.94771,81.03932,no,,
CMP-2022-0226,2022-04-02 19:04:48,Delhi,OTP Scam,eed2d272649fc2ed,ICICI158896,Victim shared OTP with caller impersonating bank support; funds transferred.,28.62389,77.01814,no,,
CMP-2019-0227,2019-01-02 11:56:27,Indore,Investment Scam,384d12f38969e160,SBIN457311,Victim lured into fake crypto/stock investment platform and lost deposits.,22.78468,75.98333,no,,
CMP-2020-0228,2020-12-09 23:35:38,Chennai,Credit Card Fraud,e2557f920a8546d3,SBIN911982,Card details skimmed online; multiple unauthorized international charges.,12.96598,80.27859,yes,ATM-0038,2020-12-11 02:29:33
CMP-2024-0229,2024-08-25 18:05:24,Pune,Investment Scam,706984659176dc3c,KOTAK416423,Victim lured into fake crypto/stock investment platform and lost deposits.,18.46718,73.99946,no,,
CMP-2021-0230,2021-08-15 04:17:13,Surat,OTP Scam,ce84b8f332fec90d,KOTAK282664,Victim shared OTP with caller impersonating bank support; funds transferred.,21.23235,72.84969,no,,
CMP-2022-0231,2022-09-06 15:16:23,Kolkata,Debit Card Fraud,67969787d660f8c4,UNION954017,Card cloned at compromised POS terminal; cash withdrawn from ATM.,22.47521,88.30595,no,,
CMP-2019-0232,2019-10-07 00:29:11,Coimbatore,Phishing,ddcde3a80cb61858,UNION510623,Victim received fraudulent email/SMS posing as bank and disclosed credentials.,11.12203,77.03705,no,,
CMP-2020-0233,2020-02-03 22:35:13,Kolkata,Investment Scam,45922a0dc4395fa3,UNION209167,Victim lured into fake crypto/stock investment platform and lost deposits.,22.70361,88.25609,no,,
CMP-2020-0234,2020-06-05 10:46:39,Kolkata,Credit Card Fraud,e39782bbeff6f14e,ICICI961574,Card details skimmed online; multiple unauthorized international charges.,22.63529,88.40563,no,,
CMP-2021-0235,2021-09-05 13:35:18,Hyderabad,Debit Card Fraud,9ef4afa583a5c907,ICICI467506,Card cloned at compromised POS terminal; cash withdrawn from ATM.,17.312,78.36911,yes,ATM-0198,2021-09-06 21:08:25
CMP-2021-0236,2021-07-08 11:02:43,Delhi,Loan Fraud,32b05208e8bf23c5,YESB468292,Fraudulent loan approved in victim's name; money diverted to mule account.,28.71791,76.98293,no,,
CMP-2024-0237,2024-03-08 03:14:35,Surat,Debit Card Fraud,d057af970790c34f,BOB177289,Card cloned at compromised POS terminal; cash withdrawn from ATM.,21.25996,72.69112,yes,ATM-0134,2024-03-10 23:45:45
CMP-2019-0238,2019-06-12 13:45:14,Delhi,Loan Fraud,69ac2d14b80adffd,ICICI673619,Fraudulent loan approved in victim's name; money diverted to mule account.,28.83665,77.24591,yes,ATM-0315,2019-06-15 06:03:58
CMP-2023-0239,2023-03-24 13:40:20,Pune,Credit Card Fraud,3648792212709e71,YESB264735,Card details skimmed online; multiple unauthorized international charges.,18.38647,73.80603,no,,
CMP-2021-0240,2021-06-15 17:34:20,Jaipur,SIM Swap,7ed543685063a08f,PNB411847,SIM swapped without consent; OTPs intercepted and account emptied.,26.83366,75.65219,no,,
CMP-2024-0241,2024-01-15 02:54:33,Delhi,Phishing,bf2ce9cedf00c731,HDFC548377,Victim received fraudulent email/SMS posing as bank and disclosed credentials.,28.58039,77.19967,no,,
CMP-2021-0242,2021-11-18 09:35:18,Mumbai,Phishing,0e338e949a3ec7c3,SBIN769191,Victim received fraudulent email/SMS posing as bank and disclosed credentials.,19.01354,72.75228,no,,
CMP-2020-0243,2020-11-06 14:27:18,Pune,OTP Scam,514c1a2979c65ae7,PNB195563,Victim shared OTP with caller impersonating bank support; funds transferred.,18.56296,73.82296,yes,ATM-0196,2020-11-07 17:03:07
CMP-2021-0244,2021-09-03 16:38:48,Hyderabad,OTP Scam,ba117d7290839aab,PNB337232,Victim shared OTP with caller impersonating bank support; funds transferred.,17.48612,78.50597,yes,ATM-0357,2021-09-05 16:42:16
CMP-2019-0245,2019-07-07 18:49:59,Kolkata,SIM Swap,f5bdee9afc179819,UNION338564,SIM swapped without consent; OTPs intercepted and account emptied.,22.58868,88.46614,no,,
CMP-2021-0246,2021-07-06 05:20:56,Jaipur,OTP Scam,bc9805f3c090ea75,AXIS599397,Victim shared OTP with caller impersonating bank support; funds transferred.,26.85206,75.75574,no,,
CMP-2019-0247,2019-03-18 02:09:47,Lucknow,SIM Swap,86c10b9bdb221316,UNION810446,SIM swapped without consent; OTPs intercepted and account emptied.,26.99153,80.84043,no,,
CMP-2021-0248,2021-09-10 20:18:19,Delhi,Debit Card Fraud,009e9fb80f72caab,AXIS232315,Card cloned at compromised POS terminal; cash withdrawn from ATM.,28.5669,76.97601,no,,
CMP-2020-0249,2020-03-18 09:43:24,Patna,Credit Card Fraud,4c6bfad1b125a5d6,UNION370413,Card details skimmed online; multiple unauthorized international charges.,25.54002,85.20573,no,,
CMP-2019-0250,2019-07-10 16:15:03,Jaipur,Loan Fraud,8d6d2f516f83134f,KOTAK998235,Fraudulent loan approved in victim's name; money diverted to mule account.,26.84526,75.77475,no,,
CMP-2023-0251,2023-09-20 07:58:43,Lucknow,Investment Scam,1a8665224547cc6c,YESB217984,Victim lured into fake crypto/stock investment platform and lost deposits.,26.82103,80.84066,no,,
CMP-2023-0252,2023-07-20 14:30:59,Mumbai,UPI Fraud,43588535292e7736,ICICI923914,Unauthorized UPI transaction initiated from victim's account via social engineering.,19.01183,72.88839,yes,ATM-0211,2023-07-21 09:32:03
CMP-2022-0253,2022-12-05 15:21:17,Lucknow,Investment Scam,d2908221c00b79e5,HDFC280564,Victim lured into fake crypto/stock investment platform and lost deposits.,26.77932,80.83936,no,,
CMP-2023-0254,2023-02-28 19:29:00,Chennai,Loan Fraud,ee0aad3784453401,AXIS151685,Fraudulent loan approved in victim's name; money diverted to mule account.,13.15642,80.39695,no,,
CMP-2019-0255,2019-02-14 07:55:34,Patna,Lottery Scam,c300f2de74a1983a,PNB983788,Victim paid processing fee for fake lottery winnings and lost money.,25.59159,85.19645,yes,ATM-0117,2019-02-14 17:36:07
CMP-2024-0256,2024-11-04 12:21:15,Ahmedabad,KYC Fraud,476da69f9d5334dc,YESB734366,Fraudster posing as bank official updated KYC and drained the account.,23.06617,72.47778,yes,ATM-0209,2024-11-06 17:42:08
CMP-2023-0257,2023-07-23 01:11:43,Patna,KYC Fraud,aeaed15e5ac51df7,HDFC640299,Fraudster posing as bank official updated KYC and drained the account.,25.68155,85.00729,no,,
CMP-2021-0258,2021-06-02 19:36:15,Madurai,SIM Swap,40f9e4b5979da89d,HDFC282176,SIM swapped without consent; OTPs intercepted and account emptied.,9.83303,78.21968,no,,
CMP-2020-0259,2020-06-30 15:11:45,Ahmedabad,Phishing,0748d11ad29c9d13,AXIS387286,Victim received fraudulent email/SMS posing as bank and disclosed credentials.,22.98301,72.56067,yes,ATM-0064,2020-07-02 16:14:25
CMP-2020-0260,2020-06-14 02:04:21,Ahmedabad,Investment Scam,470cad1a00e15ade,SBIN597635,Victim lured into fake crypto/stock investment platform and lost deposits.,23.04856,72.52633,yes,ATM-0133,2020-06-16 07:59:52
CMP-2023-0261,2023-02-18 06:31:00,Hyderabad,Phishing,9594f880ec0ed93a,HDFC270820,Victim received fraudulent email/SMS posing as bank and disclosed credentials.,17.49115,78.57065,yes,ATM-0114,2023-02-20 05:07:40
CMP-2023-0262,2023-01-24 19:55:36,Hyderabad,Loan Fraud,5dc2ce29e41787d2,HDFC918207,Fraudulent loan approved in victim's name; money diverted to mule account.,17.52514,78.54136,no,,
CMP-2019-0263,2019-10-17 21:36:14,Delhi,Investment Scam,ae097ef90079e935,HDFC334639,Victim lured into fake crypto/stock investment platform and lost deposits.,28.62982,77.19403,yes,ATM-0364,2019-10-19 19:52:53
CMP-2021-0264,2021-07-17 13:27:24,Pune,KYC Fraud,fd7d78c10156542e,PNB328808,Fraudster posing as bank official updated KYC and drained the account.,18.51041,73.90986,no,,
CMP-2021-0265,2021-05-20 03:52:08,Mumbai,Phishing,d5f823700e9663e2,KOTAK688730,Victim received fraudulent email/SMS posing as bank and disclosed credentials.,19.1202,72.91042,yes,ATM-0056,2021-05-21 14:33:15
CMP-2021-0266,2021-01-06 19:08:22,Hyderabad,KYC Fraud,0d0363ff61410524,PNB787991,Fraudster posing as bank official updated KYC and drained the account.,17.44833,78.60441,yes,ATM-0077,2021-01-08 08:23:05
CMP-2020-0267,2020-06-10 12:02:40,Chennai,Investment Scam,835c2a2fbae3af66,KOTAK813824,Victim lured into fake crypto/stock investment platform and lost deposits.,12.97468,80.12834,no,,
CMP-2020-0268,2020-10-09 16:04:26,Indore,Loan Fraud,5f912f1446b9db58,YESB872519,Fraudulent loan approved in victim's name; money diverted to mule account.,22.5802,75.92012,no,,
CMP-2020-0269,2020-02-21 02:29:55,Coimbatore,Debit Card Fraud,638f3704d0844d41,CNRB769320,Card cloned at compromised POS terminal; cash withdrawn from ATM.,11.10227,77.07776,no,,
CMP-2022-0270,2022-01-16 12:38:39,Patna,Credit Card Fraud,1b376eb88a308a6f,CNRB289934,Card details skimmed online; multiple unauthorized international charges.,25.53224,85.12883,no,,
CMP-2023-0271,2023-05-08 21:12:50,Jaipur,Credit Card Fraud,2a7c73b59e71b916,KOTAK786224,Card details skimmed online; multiple unauthorized international charges.,26.78919,75.74389,no,,
CMP-2020-0272,2020-11-03 19:46:18,Madurai,KYC Fraud,8491d397ba0aa5d3,PNB714015,Fraudster posing as bank official updated KYC and drained the account.,9.86342,78.22516,no,,
CMP-2024-0273,2024-03-13 06:25:44,Lucknow,Investment Scam,038074760be08170,ICICI595158,Victim lured into fake crypto/stock investment platform and lost deposits.,26.96353,80.94634,no,,
CMP-2021-0274,2021-04-16 05:41:39,Hyderabad,Loan Fraud,507d4c7e54e53569,SBIN244037,Fraudulent loan approved in victim's name; money diverted to mule account.,17.5327,78.4395,no,,
CMP-2024-0275,2024-05-10 05:22:04,Ahmedabad,Credit Card Fraud,63a149249f87a098,SBIN916779,Card details skimmed online; multiple unauthorized international charges.,22.89674,72.52119,no,,
CMP-2020-0276,2020-11-17 16:33:55,Chennai,Phishing,79964281e921024e,PNB319553,Victim received fraudulent email/SMS posing as bank and disclosed credentials.,13.16106,80.17128,no,,
CMP-2021-0277,2021-12-08 15:55:18,Madurai,UPI Fraud,c6aceaae1f84b78a,UNION554779,Unauthorized UPI transaction initiated from victim's account via social engineering.,9.96525,78.09082,no,,
CMP-2021-0278,2021-04-19 20:18:38,Chennai,SIM Swap,fbf4d76e270af72a,KOTAK114760,SIM swapped without consent; OTPs intercepted and account emptied.,13.2003,80.34775,no,,
CMP-2019-0279,2019-02-09 06:06:05,Chennai,Debit Card Fraud,599603b1274ac487,KOTAK427252,Card cloned at compromised POS terminal; cash withdrawn from ATM.,12.97138,80.23577,no,,
CMP-2020-0280,2020-01-01 22:35:22,Patna,Phishing,038c93eb92a642e9,PNB578073,Victim received fraudulent email/SMS posing as bank and disclosed credentials.,25.66245,85.16651,yes,ATM-0352,2020-01-04 22:15:48
CMP-2021-0281,2021-01-20 22:15:49,Indore,OTP Scam,3b9e4e93506a7671,AXIS272892,Victim shared OTP with caller impersonating bank support; funds transferred.,22.85403,75.98316,yes,ATM-0117,2021-01-21 14:24:53
CMP-2024-0282,2024-11-27 20:54:17,Bengaluru,Phishing,92077b7154459407,CNRB277193,Victim received fraudulent email/SMS posing as bank and disclosed credentials.,12.85855,77.65793,no,,
CMP-2021-0283,2021-04-02 01:07:07,Surat,Lottery Scam,b9ecd33aca189f9d,CNRB753404,Victim paid processing fee for fake lottery winnings and lost money.,21.03478,72.9795,no,,
CMP-2022-0284,2022-12-02 23:11:58,Chennai,Phishing,141e08e6ad98b891,ICICI537020,Victim received fraudulent email/SMS posing as bank and disclosed credentials.,13.06599,80.15778,yes,ATM-0360,2022-12-03 10:13:29
CMP-2023-0285,2023-03-04 03:58:39,Surat,Phishing,a460929432ec28d5,YESB793805,Victim received fraudulent email/SMS posing as bank and disclosed credentials.,21.05049,72.83719,no,,
CMP-2023-0286,2023-03-16 06:59:39,Pune,UPI Fraud,cf64f6e2b5268d85,UNION223453,Unauthorized UPI transaction initiated from victim's account via social engineering.,18.45521,73.94213,no,,
CMP-2022-0287,2022-08-27 07:45:04,Madurai,Lottery Scam,f4feb0a46f68f099,CNRB311469,Victim paid processing fee for fake lottery winnings and lost money.,9.88258,78.09273,yes,ATM-0281,2022-08-28 19:29:19
CMP-2020-0288,2020-03-31 01:22:49,Indore,OTP Scam,1296892c892df203,AXIS102871,Victim shared OTP with caller impersonating bank support; funds transferred.,22.57342,75.7344,yes,ATM-0294,2020-04-02 01:33:00
CMP-2019-0289,2019-11-23 18:36:50,Mumbai,SIM Swap,2b3c39ad61e71d23,ICICI368322,SIM swapped without consent; OTPs intercepted and account emptied.,19.1193,72.86473,no,,
CMP-2020-0290,2020-08-01 16:45:00,Chennai,UPI Fraud,ed307122615d700d,SBIN141360,Unauthorized UPI transaction initiated from victim's account via social engineering.,13.18837,80.22876,no,,
CMP-2021-0291,2021-07-22 08:31:54,Mumbai,UPI Fraud,347b94c0dd372330,HDFC110142,Unauthorized UPI transaction initiated from victim's account via social engineering.,19.1816,72.92671,yes,ATM-0184,2021-07-25 00:56:16
CMP-2024-0292,2024-09-23 14:24:29,Hyderabad,UPI Fraud,22c078297500b381,KOTAK291752,Unauthorized UPI transaction initiated from victim's account via social engineering.,17.26915,78.45678,no,,
CMP-2024-0293,2024-01-06 00:53:15,Coimbatore,OTP Scam,981aef42c375ad7b,YESB780364,Victim shared OTP with caller impersonating bank support; funds transferred.,11.13264,76.85583,yes,ATM-0372,2024-01-06 05:06:36
CMP-2024-0294,2024-08-26 22:41:02,Delhi,UPI Fraud,e33690c6dbce321f,UNION606121,Unauthorized UPI transaction initiated from victim's account via social engineering.,28.79478,77.15602,yes,ATM-0195,2024-08-29 06:47:02
CMP-2022-0295,2022-09-01 11:40:16,Patna,Credit Card Fraud,6c28ad4f7a6ac929,BOB218423,Card details skimmed online; multiple unauthorized international charges.,25.71038,85.11981,yes,ATM-0336,2022-09-02 10:17:46
CMP-2023-0296,2023-03-24 17:00:46,Surat,SIM Swap,943462cffc96d190,UNION858931,SIM swapped without consent; OTPs intercepted and account emptied.,21.1897,72.97447,no,,
CMP-2021-0297,2021-01-11 05:12:03,Jaipur,Investment Scam,39922b97fbe8907d,YESB793856,Victim lured into fake crypto/stock investment platform and lost deposits.,26.9804,75.78188,no,,
CMP-2022-0298,2022-11-06 07:36:42,Delhi,SIM Swap,2f43db3c3814f42f,HDFC112210,SIM swapped without consent; OTPs intercepted and account emptied.,28.74712,76.99958,no,,
CMP-2024-0299,2024-02-10 10:47:33,Patna,Credit Card Fraud,bb8215b0780ea175,BOB436208,Card details skimmed online; multiple unauthorized international charges.,25.51637,85.27864,yes,ATM-0115,2024-02-12 02:25:41
CMP-2021-0300,2021-04-09 14:16:44,Patna,Debit Card Fraud,b382253a0ab912b7,BOB565765,Card cloned at compromised POS terminal; cash withdrawn from ATM.,25.68448,85.12203,no,,
CMP-2021-0301,2021-09-06 12:37:48,Mumbai,OTP Scam,ef250701d25c257b,HDFC207629,Victim shared OTP with caller impersonating bank support; funds transferred.,19.04703,72.73845,no,,
CMP-2023-0302,2023-12-15 13:35:10,Madurai,Investment Scam,66d751ebbf324e18,PNB633030,Victim lured into fake crypto/stock investment platform and lost deposits.,9.9439,78.16618,no,,
CMP-2021-0303,2021-01-16 19:28:38,Patna,Phishing,b80e2fddb02cdcd8,AXIS985331,Victim received fraudulent email/SMS posing as bank and disclosed credentials.,25.58044,85.15565,no,,
CMP-2021-0304,2021-11-02 15:15:41,Surat,KYC Fraud,c7f4209fcb4bcbe7,BOB219562,Fraudster posing as bank official updated KYC and drained the account.,21.04943,72.87877,yes,ATM-0182,2021-11-05 03:00:47
CMP-2024-0305,2024-10-14 01:46:50,Hyderabad,SIM Swap,8cd8ba386be61f98,KOTAK836201,SIM swapped without consent; OTPs intercepted and account emptied.,17.2669,78.60576,no,,
CMP-2023-0306,2023-12-06 15:33:50,Coimbatore,Loan Fraud,612032a1ba919b15,PNB740524,Fraudulent loan approved in victim's name; money diverted to mule account.,10.92558,76.84202,no,,
CMP-2020-0307,2020-04-17 08:33:30,Patna,Debit Card Fraud,f2b1da82f9069726,KOTAK213000,Card cloned at compromised POS terminal; cash withdrawn from ATM.,25.67124,85.00155,no,,
CMP-2023-0308,2023-01-12 15:54:10,Mumbai,OTP Scam,651cac1bef6c52b8,UNION628689,Victim shared OTP with caller impersonating bank support; funds transferred.,18.96639,72.87735,no,,
CMP-2019-0309,2019-04-17 10:05:21,Indore,Loan Fraud,1ea93ed3955ccaf0,BOB633025,Fraudulent loan approved in victim's name; money diverted to mule account.,22.80392,75.98075,no,,
CMP-2020-0310,2020-01-16 11:13:32,Patna,Credit Card Fraud,7ecdbab890d7b16c,YESB789461,Card details skimmed online; multiple unauthorized international charges.,25.62426,85.25241,no,,
CMP-2021-0311,2021-04-22 19:06:00,Lucknow,Debit Card Fraud,f807db6fcb0ba4c1,YESB459513,Card cloned at compromised POS terminal; cash withdrawn from ATM.,26.98785,80.93205,yes,ATM-0212,2021-04-24 14:28:55
CMP-2024-0312,2024-04-26 04:23:44,Jaipur,Lottery Scam,1fe1b83076eb37c5,CNRB429159,Victim paid processing fee for fake lottery winnings and lost money.,26.97596,75.91795,no,,
CMP-2020-0313,2020-03-16 03:33:05,Lucknow,Lottery Scam,659af0f7cd387172,KOTAK805034,Victim paid processing fee for fake lottery winnings and lost money.,26.7365,81.00932,no,,
CMP-2020-0314,2020-01-25 14:06:10,Jaipur,KYC Fraud,976429d38227a6e8,ICICI897730,Fraudster posing as bank official updated KYC and drained the account.,26.86807,75.78141,no,,
CMP-2023-0315,2023-01-01 17:47:46,Pune,SIM Swap,2b13a93571243c7b,YESB947568,SIM swapped without consent; OTPs intercepted and account emptied.,18.37423,73.73864,yes,ATM-0028,2023-01-03 18:03:16
CMP-2020-0316,2020-03-13 23:40:07,Madurai,Credit Card Fraud,04cf52433ada8450,PNB253541,Card details skimmed online; multiple unauthorized international charges.,10.02701,78.17698,yes,ATM-0386,2020-03-15 14:37:59
CMP-2021-0317,2021-02-24 20:57:26,Ahmedabad,UPI Fraud,ef06fd2630b326d3,CNRB335203,Unauthorized UPI transaction initiated from victim's account via social engineering.,23.09522,72.58978,yes,ATM-0357,2021-02-25 17:40:02
CMP-2022-0318,2022-12-26 21:43:47,Indore,Loan Fraud,fbb4df250743125d,YESB926394,Fraudulent loan approved in victim's name; money diverted to mule account.,22.86235,75.8015,no,,
CMP-2019-0319,2019-01-29 09:45:50,Hyderabad,Debit Card Fraud,043cfc8d54724349,BOB970300,Card cloned at compromised POS terminal; cash withdrawn from ATM.,17.30266,78.52684,no,,
CMP-2021-0320,2021-03-16 17:17:56,Lucknow,SIM Swap,918d20bf28da9575,UNION306012,SIM swapped without consent; OTPs intercepted and account emptied.,26.92954,81.08549,yes,ATM-0091,2021-03-19 16:06:27
CMP-2019-0321,2019-06-13 03:52:39,Delhi,SIM Swap,e4d1dfe747591ea0,YESB142608,SIM swapped without consent; OTPs intercepted and account emptied.,28.68265,77.11948,yes,ATM-0300,2019-06-15 16:47:26
CMP-2019-0322,2019-01-13 08:50:37,Ahmedabad,Credit Card Fraud,051964747aaec9da,SBIN438302,Card details skimmed online; multiple unauthorized international charges.,23.05156,72.6535,no,,
CMP-2024-0323,2024-01-22 07:40:21,Hyderabad,OTP Scam,71c78e1368749742,UNION676884,Victim shared OTP with caller impersonating bank support; funds transferred.,17.34243,78.57191,yes,ATM-0113,2024-01-25 04:34:33
CMP-2022-0324,2022-02-14 15:33:39,Madurai,SIM Swap,74ccb487061a6476,YESB669460,SIM swapped without consent; OTPs intercepted and account emptied.,9.93631,77.99738,yes,ATM-0110,2022-02-16 15:19:15
CMP-2020-0325,2020-12-26 08:48:09,Hyderabad,Debit Card Fraud,6f2c305286385266,UNION656268,Card cloned at compromised POS terminal; cash withdrawn from ATM.,17.37746,78.5051,no,,
CMP-2022-0326,2022-11-23 14:47:49,Mumbai,KYC Fraud,22240a9db71bbe48,AXIS773462,Fraudster posing as bank official updated KYC and drained the account.,19.11011,72.91404,no,,
CMP-2023-0327,2023-02-04 11:16:50,Kolkata,Loan Fraud,6115dec1b8dc63b4,ICICI504620,Fraudulent loan approved in victim's name; money diverted to mule account.,22.49958,88.43109,yes,ATM-0265,2023-02-06 22:28:21
CMP-2021-0328,2021-04-01 12:47:37,Madurai,SIM Swap,2297f27ec4d4e7e7,BOB145981,SIM swapped without consent; OTPs intercepted and account emptied.,9.86413,78.16526,yes,ATM-0043,2021-04-04 09:03:53
CMP-2020-0329,2020-01-02 18:17:19,Madurai,SIM Swap,f8c43604b165e57f,HDFC757386,SIM swapped without consent; OTPs intercepted and account emptied.,9.79484,78.1709,no,,
CMP-2024-0330,2024-03-10 02:34:32,Pune,UPI Fraud,8e87b700d4ed8594,CNRB969005,Unauthorized UPI transaction initiated from victim's account via social engineering.,18.58122,73.99957,no,,
CMP-2022-0331,2022-11-17 14:46:19,Mumbai,Credit Card Fraud,1f370a4190122ce3,BOB851690,Card details skimmed online; multiple unauthorized international charges.,19.02551,72.75396,yes,ATM-0129,2022-11-19 06:57:14
CMP-2022-0332,2022-06-13 17:49:02,Bengaluru,Lottery Scam,6cb33fdb7b0d911c,YESB573039,Victim paid processing fee for fake lottery winnings and lost money.,13.01067,77.57451,yes,ATM-0345,2022-06-14 02:20:07
CMP-2019-0333,2019-01-13 22:11:21,Coimbatore,Investment Scam,8760c37d59b0b488,UNION147727,Victim lured into fake crypto/stock investment platform and lost deposits.,11.07706,76.82758,no,,
CMP-2019-0334,2019-08-21 13:01:52,Madurai,Lottery Scam,26eaf1732ace1776,ICICI395192,Victim paid processing fee for fake lottery winnings and lost money.,10.00478,78.1011,yes,ATM-0339,2019-08-21 15:15:01
CMP-2019-0335,2019-12-09 12:06:48,Bengaluru,Credit Card Fraud,1fe454be1301b51b,YESB935474,Card details skimmed online; multiple unauthorized international charges.,13.06085,77.60832,no,,
CMP-2019-0336,2019-11-12 16:04:05,Surat,KYC Fraud,2a7921cecd66a58c,CNRB682032,Fraudster posing as bank official updated KYC and drained the account.,21.06261,72.69363,no,,
CMP-2021-0337,2021-05-13 10:23:31,Jaipur,UPI Fraud,f0c86d047f5c04ce,AXIS884645,Unauthorized UPI transaction initiated from victim's account via social engineering.,26.98483,75.85508,yes,ATM-0331,2021-05-15 23:41:49
CMP-2019-0338,2019-11-09 02:51:35,Delhi,Debit Card Fraud,e159f76a7634b698,PNB303765,Card cloned at compromised POS terminal; cash withdrawn from ATM.,28.58849,77.15379,no,,
CMP-2019-0339,2019-04-30 03:57:16,Madurai,SIM Swap,ea19206404ca434d,CNRB176697,SIM swapped without consent; OTPs intercepted and account emptied.,9.8624,77.99001,yes,ATM-0372,2019-05-01 21:45:27
CMP-2024-0340,2024-09-15 19:46:27,Kolkata,Credit Card Fraud,1fdc880f133fc2a2,AXIS204904,Card details skimmed online; multiple unauthorized international charges.,22.50814,88.23484,yes,ATM-0249,2024-09-17 04:13:15
CMP-2022-0341,2022-09-12 09:45:01,Hyderabad,Investment Scam,3d0cce2b5f2c730c,UNION694397,Victim lured into fake crypto/stock investment platform and lost deposits.,17.34435,78.4316,yes,ATM-0003,2022-09-13 08:18:06
CMP-2023-0342,2023-09-18 09:09:04,Coimbatore,Loan Fraud,6f41db989935895e,KOTAK240829,Fraudulent loan approved in victim's name; money diverted to mule account.,11.07067,76.90527,no,,
CMP-2021-0343,2021-09-02 18:42:13,Madurai,Lottery Scam,0f55bbf20334659a,CNRB214119,Victim paid processing fee for fake lottery winnings and lost money.,9.82793,78.15179,no,,
CMP-2024-0344,2024-02-25 10:35:55,Delhi,SIM Swap,ef1f318c2f32b462,PNB869177,SIM swapped without consent; OTPs intercepted and account emptied.,28.82,76.97544,yes,ATM-0010,2024-02-27 23:46:08
CMP-2022-0345,2022-10-15 21:26:51,Patna,Investment Scam,210b11d6572d74f5,YESB906564,Victim lured into fake crypto/stock investment platform and lost deposits.,25.62111,85.25949,no,,
CMP-2022-0346,2022-04-05 17:47:27,Jaipur,OTP Scam,4839d88ed638e714,SBIN483588,Victim shared OTP with caller impersonating bank support; funds transferred.,26.88015,75.90473,no,,
CMP-2024-0347,2024-02-22 01:07:11,Delhi,OTP Scam,d6c48cd2e72e9315,CNRB194952,Victim shared OTP with caller impersonating bank support; funds transferred.,28.67314,77.10315,no,,
CMP-2024-0348,2024-02-01 22:16:37,Madurai,Investment Scam,8731cc36ebfb0cde,SBIN893988,Victim lured into fake crypto/stock investment platform and lost deposits.,9.92944,78.10367,yes,ATM-0290,2024-02-03 21:45:17
CMP-2024-0349,2024-10-21 07:24:24,Coimbatore,OTP Scam,157a3a2bc3683eb7,HDFC329448,Victim shared OTP with caller impersonating bank support; funds transferred.,11.09524,76.87532,yes,ATM-0120,2024-10-21 10:29:19
CMP-2020-0350,2020-03-29 01:00:28,Indore,KYC Fraud,ec5eff158ded49cf,BOB576728,Fraudster posing as bank official updated KYC and drained the account.,22.83407,75.71967,no,,
CMP-2019-0351,2019-08-15 03:59:02,Jaipur,Lottery Scam,50fdb2d0f07a4b09,PNB706739,Victim paid processing fee for fake lottery winnings and lost money.,26.92571,75.68945,no,,
CMP-2021-0352,2021-03-11 08:45:56,Surat,UPI Fraud,bfc2a71daad90a42,PNB494609,Unauthorized UPI transaction initiated from victim's account via social engineering.,21.312,72.74797,yes,ATM-0177,2021-03-12 19:49:11
CMP-2021-0353,2021-11-22 07:16:37,Lucknow,Phishing,fc1bcbb546c0010d,SBIN561267,Victim received fraudulent email/SMS posing as bank and disclosed credentials.,26.74638,80.81933,no,,
CMP-2020-0354,2020-04-08 10:24:55,Delhi,Credit Card Fraud,6cb36a547b32c56e,UNION852146,Card details skimmed online; multiple unauthorized international charges.,28.79919,77.15083,yes,ATM-0170,2020-04-10 14:16:25
CMP-2021-0355,2021-11-21 00:04:17,Ahmedabad,OTP Scam,4a2a77f0571bb356,UNION269078,Victim shared OTP with caller impersonating bank support; funds transferred.,23.06668,72.54467,yes,ATM-0066,2021-11-22 17:21:45
CMP-2019-0356,2019-12-20 00:48:52,Surat,SIM Swap,a1ddaf95be374d77,UNION253999,SIM swapped without consent; OTPs intercepted and account emptied.,21.03697,72.75858,yes,ATM-0208,2019-12-21 19:58:06
CMP-2022-0357,2022-05-19 20:35:22,Chennai,Lottery Scam,6592a8203b401cb2,AXIS571023,Victim paid processing fee for fake lottery winnings and lost money.,13.11466,80.26212,no,,
CMP-2020-0358,2020-04-25 15:01:36,Pune,Investment Scam,ea067c9ded58a8a5,UNION960307,Victim lured into fake crypto/stock investment platform and lost deposits.,18.60065,73.89366,no,,
CMP-2020-0359,2020-01-03 11:28:40,Surat,KYC Fraud,df7aeb3aaa3aee17,UNION719284,Fraudster posing as bank official updated KYC and drained the account.,21.04085,72.79456,yes,ATM-0009,2020-01-04 02:02:49
CMP-2024-0360,2024-02-27 08:46:10,Jaipur,Loan Fraud,ecdc7cc75a476cb2,SBIN734924,Fraudulent loan approved in victim's name; money diverted to mule account.,26.79129,75.78006,no,,
CMP-2019-0361,2019-03-27 12:41:55,Madurai,SIM Swap,635e0028659495bd,ICICI197716,SIM swapped without consent; OTPs intercepted and account emptied.,9.91987,78.0089,no,,
CMP-2023-0362,2023-12-19 02:24:18,Indore,Loan Fraud,7e66810035b0820c,YESB488368,Fraudulent loan approved in victim's name; money diverted to mule account.,22.83205,75.91699,yes,ATM-0247,2023-12-21 11:15:11
CMP-2021-0363,2021-04-15 06:56:23,Lucknow,Investment Scam,649800b60774df41,YESB240386,Victim lured into fake crypto/stock investment platform and lost deposits.,26.77306,81.02596,no,,
CMP-2019-0364,2019-07-03 15:27:49,Lucknow,SIM Swap,15e782b152cc66db,PNB298202,SIM swapped without consent; OTPs intercepted and account emptied.,26.69834,81.01929,yes,ATM-0268,2019-07-03 23:56:50
CMP-2019-0365,2019-01-16 18:17:31,Surat,Debit Card Fraud,78ed935d4a6ba392,KOTAK528705,Card cloned at compromised POS terminal; cash withdrawn from ATM.,21.12888,72.72753,no,,
CMP-2020-0366,2020-07-09 17:01:23,Patna,SIM Swap,2388912de94890a8,UNION483405,SIM swapped without consent; OTPs intercepted and account emptied.,25.62766,85.28514,yes,ATM-0105,2020-07-10 22:46:32
CMP-2023-0367,2023-09-14 06:43:48,Ahmedabad,Credit Card Fraud,a5f30ab6c0e0b1de,CNRB681866,Card details skimmed online; multiple unauthorized international charges.,23.01763,72.71795,no,,
CMP-2023-0368,2023-08-24 06:14:33,Pune,Credit Card Fraud,0b383e478c5255dd,ICICI884140,Card details skimmed online; multiple unauthorized international charges.,18.43933,73.94163,no,,
CMP-2019-0369,2019-08-08 17:03:02,Jaipur,Loan Fraud,111af054eb9ceffa,KOTAK939756,Fraudulent loan approved in victim's name; money diverted to mule account.,26.92757,75.84642,no,,
CMP-2019-0370,2019-12-19 04:14:50,Surat,Phishing,7624a6bd9da4e02b,ICICI963245,Victim received fraudulent email/SMS posing as bank and disclosed credentials.,21.0638,72.95886,yes,ATM-0033,2019-12-19 23:11:24
CMP-2021-0371,2021-03-23 11:59:39,Lucknow,Phishing,0a5bf4fd71ede78f,YESB520106,Victim received fraudulent email/SMS posing as bank and disclosed credentials.,26.88089,80.9525,no,,
CMP-2022-0372,2022-08-02 01:29:50,Madurai,Credit Card Fraud,2d85cfb9a0501794,BOB560295,Card details skimmed online; multiple unauthorized international charges.,9.77841,78.22497,no,,
CMP-2022-0373,2022-02-09 06:34:19,Bengaluru,Phishing,571cddf32ec56648,UNION635348,Victim received fraudulent email/SMS posing as bank and disclosed credentials.,12.97634,77.5141,yes,ATM-0019,2022-02-10 08:28:24
CMP-2022-0374,2022-12-06 03:31:31,Delhi,UPI Fraud,1fae1c63beead069,YESB470281,Unauthorized UPI transaction initiated from victim's account via social engineering.,28.755,77.07414,yes,ATM-0008,2022-12-08 08:35:02
CMP-2019-0375,2019-05-31 08:09:55,Mumbai,SIM Swap,ffca2d81075a38e4,CNRB711248,SIM swapped without consent; OTPs intercepted and account emptied.,19.03043,73.01669,yes,ATM-0311,2019-06-03 05:30:19
CMP-2021-0376,2021-09-23 09:02:51,Pune,Investment Scam,f343123bd7ca1047,PNB283537,Victim lured into fake crypto/stock investment platform and lost deposits.,18.49254,73.73864,yes,ATM-0151,2021-09-24 09:31:30
CMP-2019-0377,2019-09-14 08:48:04,Jaipur,Lottery Scam,0f7fd1c60920c156,UNION362292,Victim paid processing fee for fake lottery winnings and lost money.,26.97066,75.92712,no,,
CMP-2023-0378,2023-08-14 23:57:17,Madurai,KYC Fraud,87168381a5a39d08,BOB814703,Fraudster posing as bank official updated KYC and drained the account.,9.91342,78.14585,yes,ATM-0060,2023-08-15 18:31:04
CMP-2021-0379,2021-04-18 10:29:23,Madurai,Debit Card Fraud,33cbce8a954b7b52,AXIS939030,Card cloned at compromised POS terminal; cash withdrawn from ATM.,9.86992,78.25643,no,,
CMP-2019-0380,2019-01-22 07:17:03,Patna,Lottery Scam,3fe30f32a7de9f12,PNB197527,Victim paid processing fee for fake lottery winnings and lost money.,25.56378,85.21224,yes,ATM-0284,2019-01-25 02:20:41
CMP-2021-0381,2021-11-10 03:11:31,Kolkata,Debit Card Fraud,57ab181c3ff62fac,PNB291663,Card cloned at compromised POS terminal; cash withdrawn from ATM.,22.70674,88.41883,no,,
CMP-2021-0382,2021-12-29 07:22:52,Bengaluru,Debit Card Fraud,03701789a571d22b,AXIS378297,Card cloned at compromised POS terminal; cash withdrawn from ATM.,12.88363,77.50543,yes,ATM-0317,2021-12-30 09:00:55
CMP-2023-0383,2023-09-03 15:42:03,Mumbai,UPI Fraud,8c1dd15a25a0de46,BOB743644,Unauthorized UPI transaction initiated from victim's account via social engineering.,18.92799,72.98483,no,,
CMP-2024-0384,2024-02-01 23:47:21,Kolkata,Investment Scam,2c29302db6b455f1,BOB702427,Victim lured into fake crypto/stock investment platform and lost deposits.,22.68323,88.36114,no,,
CMP-2024-0385,2024-06-29 23:18:11,Hyderabad,Loan Fraud,a662ec4e30402127,UNION234475,Fraudulent loan approved in victim's name; money diverted to mule account.,17.25124,78.57648,no,,
CMP-2022-0386,2022-03-30 19:44:29,Jaipur,KYC Fraud,8bca96559532bf4d,SBIN579404,Fraudster posing as bank official updated KYC and drained the account.,27.05535,75.84677,no,,
CMP-2023-0387,2023-02-19 01:26:51,Chennai,Debit Card Fraud,3d00b9874e6d7409,UNION205641,Card cloned at compromised POS terminal; cash withdrawn from ATM.,13.03033,80.30453,yes,ATM-0281,2023-02-19 20:22:21
CMP-2020-0388,2020-08-13 06:33:44,Lucknow,KYC Fraud,101e724e75a53715,SBIN622998,Fraudster posing as bank official updated KYC and drained the account.,26.82388,80.92193,no,,
CMP-2021-0389,2021-03-10 21:15:38,Pune,Lottery Scam,35c22c373c25c05a,SBIN699166,Victim paid processing fee for fake lottery winnings and lost money.,18.40974,73.87947,yes,ATM-0052,2021-03-13 01:09:34
CMP-2023-0390,2023-10-28 18:08:28,Jaipur,Loan Fraud,6808fa6e73271663,AXIS252928,Fraudulent loan approved in victim's name; money diverted to mule account.,27.00241,75.85886,no,,
CMP-2019-0391,2019-01-22 08:17:19,Pune,OTP Scam,21865627a1aee1d0,CNRB659921,Victim shared OTP with caller impersonating bank support; funds transferred.,18.58657,73.9423,yes,ATM-0288,2019-01-24 22:06:02
CMP-2019-0392,2019-04-15 12:44:45,Mumbai,Credit Card Fraud,3491cccaf64ef3e7,AXIS953350,Card details skimmed online; multiple unauthorized international charges.,19.00229,72.97939,yes,ATM-0382,2019-04-16 12:50:28
CMP-2021-0393,2021-03-01 20:49:36,Jaipur,SIM Swap,3657739b0ee59953,PNB460857,SIM swapped without consent; OTPs intercepted and account emptied.,26.76835,75.67367,no,,
CMP-2024-0394,2024-10-11 04:31:16,Bengaluru,Investment Scam,913728db723697df,CNRB283017,Victim lured into fake crypto/stock investment platform and lost deposits.,13.11541,77.52998,yes,ATM-0262,2024-10-12 15:37:14
CMP-2023-0395,2023-06-02 17:29:30,Indore,UPI Fraud,206e8b3fd18962dd,UNION400441,Unauthorized UPI transaction initiated from victim's account via social engineering.,22.70873,75.99468,no,,
CMP-2022-0396,2022-11-04 12:17:34,Indore,KYC Fraud,1e2ba84e74419aee,UNION699405,Fraudster posing as bank official updated KYC and drained the account.,22.69103,75.97982,yes,ATM-0176,2022-11-05 04:43:29
CMP-2020-0397,2020-11-25 06:43:31,Hyderabad,Lottery Scam,6b817631ced3512c,YESB384424,Victim paid processing fee for fake lottery winnings and lost money.,17.50131,78.57099,no,,
CMP-2023-0398,2023-06-27 15:20:12,Jaipur,OTP Scam,f480884031165b53,SBIN292818,Victim shared OTP with caller impersonating bank support; funds transferred.,27.01866,75.67481,yes,ATM-0129,2023-06-30 11:02:54
CMP-2023-0399,2023-03-16 05:26:50,Mumbai,Debit Card Fraud,491d46724148be7c,YESB208013,Card cloned at compromised POS terminal; cash withdrawn from ATM.,18.95467,73.00874,no,,
CMP-2019-0400,2019-04-28 22:21:24,Madurai,Loan Fraud,6974596ca1caa166,ICICI208976,Fraudulent loan approved in victim's name; money diverted to mule account.,9.85394,78.01638,no,,
CMP-2024-0401,2024-04-24 01:37:25,Hyderabad,Debit Card Fraud,d0916c3ea9213d8e,PNB564687,Card cloned at compromised POS terminal; cash withdrawn from ATM.,17.42294,78.37608,no,,
CMP-2019-0402,2019-03-04 14:23:34,Surat,KYC Fraud,678cae85e56f22dc,BOB589887,Fraudster posing as bank official updated KYC and drained the account.,21.31269,72.84328,yes,ATM-0228,2019-03-05 00:07:16
CMP-2024-0403,2024-09-09 03:11:41,Jaipur,Credit Card Fraud,b49a85f703198121,UNION578720,Card details skimmed online; multiple unauthorized international charges.,26.95171,75.82806,no,,
CMP-2022-0404,2022-02-20 21:36:37,Surat,SIM Swap,b62181d1e94da8ba,KOTAK605048,SIM swapped without consent; OTPs intercepted and account emptied.,21.1821,72.92251,yes,ATM-0188,2022-02-22 03:17:20
CMP-2019-0405,2019-12-08 04:15:03,Chennai,Phishing,82395ef8996e97ee,SBIN460589,Victim received fraudulent email/SMS posing as bank and disclosed credentials.,13.01873,80.28123,no,,
CMP-2021-0406,2021-12-13 19:44:02,Madurai,OTP Scam,997bbc5bc6f170ff,HDFC903072,Victim shared OTP with caller impersonating bank support; funds transferred.,9.90433,78.05768,yes,ATM-0004,2021-12-15 11:12:19
CMP-2020-0407,2020-02-18 03:48:58,Indore,SIM Swap,762a59e6d0f62744,YESB362035,SIM swapped without consent; OTPs intercepted and account emptied.,22.61858,75.92884,yes,ATM-0194,2020-02-18 19:41:56
CMP-2019-0408,2019-06-23 13:09:52,Surat,Debit Card Fraud,d45f220fbba4c40e,UNION946803,Card cloned at compromised POS terminal; cash withdrawn from ATM.,21.22838,72.76266,no,,
CMP-2022-0409,2022-03-11 11:45:26,Hyderabad,Loan Fraud,435301b7ac73515a,ICICI291267,Fraudulent loan approved in victim's name; money diverted to mule account.,17.27599,78.36981,no,,
CMP-2021-0410,2021-09-19 00:18:43,Coimbatore,Investment Scam,9b04cddbb01034e5,AXIS436219,Victim lured into fake crypto/stock investment platform and lost deposits.,10.87262,76.82069,no,,
CMP-2020-0411,2020-02-12 09:20:33,Mumbai,Lottery Scam,3a257325dbecbadf,SBIN849937,Victim paid processing fee for fake lottery winnings and lost money.,19.05752,72.73016,yes,ATM-0008,2020-02-13 20:52:49
CMP-2021-0412,2021-01-19 03:08:43,Hyderabad,OTP Scam,8cca5bbdd0d3581c,BOB830789,Victim shared OTP with caller impersonating bank support; funds transferred.,17.47243,78.43577,no,,
CMP-2024-0413,2024-09-16 01:15:01,Chennai,Lottery Scam,7ec71fc6fafd87fb,YESB174852,Victim paid processing fee for fake lottery winnings and lost money.,13.09566,80.17518,no,,
CMP-2020-0414,2020-07-01 22:10:43,Pune,Phishing,f274727ebfda29bf,AXIS503489,Victim received fraudulent email/SMS posing as bank and disclosed credentials.,18.60177,73.83959,no,,
CMP-2019-0415,2019-03-15 10:06:18,Ahmedabad,UPI Fraud,c9297c74d3551bfa,AXIS595793,Unauthorized UPI transaction initiated from victim's account via social engineering.,22.98924,72.70976,no,,
CMP-2019-0416,2019-12-14 12:25:25,Coimbatore,Phishing,2a6ce38518bb2565,CNRB646230,Victim received fraudulent email/SMS posing as bank and disclosed credentials.,10.90344,76.95017,yes,ATM-0185,2019-12-17 04:19:30
CMP-2024-0417,2024-03-07 06:34:28,Bengaluru,UPI Fraud,cba7ed5c08df9a00,YESB440277,Unauthorized UPI transaction initiated from victim's account via social engineering.,12.82612,77.68292,no,,
CMP-2021-0418,2021-05-17 05:11:01,Bengaluru,Phishing,0b44533eec73d2b6,UNION921533,Victim received fraudulent email/SMS posing as bank and disclosed credentials.,13.02883,77.65112,yes,ATM-0046,2021-05-17 23:05:29
CMP-2021-0419,2021-12-31 07:45:05,Surat,Investment Scam,eed9159201aaaab3,HDFC162678,Victim lured into fake crypto/stock investment platform and lost deposits.,21.12686,72.72728,no,,
CMP-2019-0420,2019-08-24 07:04:58,Ahmedabad,Debit Card Fraud,6d4119221f6bbe46,CNRB926867,Card cloned at compromised POS terminal; cash withdrawn from ATM.,23.06589,72.5256,no,,
CMP-2023-0421,2023-05-26 10:00:05,Chennai,Loan Fraud,4346085ef32f8b19,SBIN362874,Fraudulent loan approved in victim's name; money diverted to mule account.,13.2023,80.26629,yes,ATM-0151,2023-05-28 01:04:42
CMP-2021-0422,2021-12-09 18:59:51,Lucknow,Credit Card Fraud,34b2ceb340eb8e23,KOTAK439403,Card details skimmed online; multiple unauthorized international charges.,26.91642,80.8788,no,,
CMP-2024-0423,2024-06-26 14:42:03,Jaipur,Credit Card Fraud,8863fdcc8e442947,CNRB262555,Card details skimmed online; multiple unauthorized international charges.,26.89722,75.88313,no,,
CMP-2021-0424,2021-09-21 21:17:20,Madurai,SIM Swap,01141f811699002d,SBIN119629,SIM swapped without consent; OTPs intercepted and account emptied.,9.96112,78.07902,no,,
CMP-2020-0425,2020-12-03 15:22:41,Mumbai,SIM Swap,c032aebae96a0efe,YESB299092,SIM swapped without consent; OTPs intercepted and account emptied.,19.08322,72.87696,no,,
CMP-2022-0426,2022-09-05 04:03:19,Kolkata,Loan Fraud,6a3b666475875c96,KOTAK215830,Fraudulent loan approved in victim's name; money diverted to mule account.,22.45148,88.41157,yes,ATM-0067,2022-09-05 16:55:03
CMP-2019-0427,2019-03-10 12:29:56,Mumbai,OTP Scam,0be2ef15ab5a8a79,ICICI133362,Victim shared OTP with caller impersonating bank support; funds transferred.,19.0973,72.97859,no,,
CMP-2022-0428,2022-02-26 01:47:25,Coimbatore,Investment Scam,f4207523096331b4,HDFC484150,Victim lured into fake crypto/stock investment platform and lost deposits.,10.93302,77.02115,yes,ATM-0107,2022-02-28 01:00:16
CMP-2024-0429,2024-07-27 03:10:52,Patna,UPI Fraud,ae842bbd6b4c6195,HDFC478458,Unauthorized UPI transaction initiated from victim's account via social engineering.,25.61151,85.26907,yes,ATM-0189,2024-07-29 12:22:01
CMP-2019-0430,2019-05-08 17:38:54,Lucknow,Lottery Scam,dab25eeb5cac7394,HDFC869969,Victim paid processing fee for fake lottery winnings and lost money.,26.71782,80.88737,no,,
CMP-2024-0431,2024-10-05 15:29:36,Mumbai,UPI Fraud,c3ab55d292eeb910,AXIS657487,Unauthorized UPI transaction initiated from victim's account via social engineering.,19.0416,72.78564,no,,
CMP-2022-0432,2022-06-02 22:20:05,Delhi,SIM Swap,1ea0fe2b098168a4,CNRB535352,SIM swapped without consent; OTPs intercepted and account emptied.,28.77793,77.18239,no,,
CMP-2023-0433,2023-01-17 19:31:01,Coimbatore,Loan Fraud,4da64638fec26b62,SBIN930956,Fraudulent loan approved in victim's name; money diverted to mule account.,10.92092,76.92627,yes,ATM-0081,2023-01-19 09:57:28
CMP-2022-0434,2022-08-07 09:58:07,Indore,KYC Fraud,ff193bf7f349f49b,CNRB440424,Fraudster posing as bank official updated KYC and drained the account.,22.82306,75.8314,no,,
CMP-2023-0435,2023-12-16 02:31:59,Kolkata,Investment Scam,d5ba6269869c1900,UNION672130,Victim lured into fake crypto/stock investment platform and lost deposits.,22.48678,88.44361,no,,
CMP-2020-0436,2020-07-10 17:01:21,Ahmedabad,OTP Scam,a46bb00ac14533bf,HDFC861594,Victim shared OTP with caller impersonating bank support; funds transferred.,22.8829,72.50674,yes,ATM-0070,2020-07-13 16:32:53
CMP-2020-0437,2020-10-23 08:02:29,Hyderabad,Debit Card Fraud,5de296d1caa5c959,KOTAK122755,Card cloned at compromised POS terminal; cash withdrawn from ATM.,17.46646,78.6197,no,,
CMP-2024-0438,2024-07-06 18:35:23,Jaipur,SIM Swap,8ad3512e3eb3f881,UNION262230,SIM swapped without consent; OTPs intercepted and account emptied.,26.79069,75.77541,yes,ATM-0136,2024-07-07 21:01:11
CMP-2022-0439,2022-06-29 12:04:32,Bengaluru,Lottery Scam,d9a57a1877a72ed2,PNB196369,Victim paid processing fee for fake lottery winnings and lost money.,12.99275,77.61532,yes,ATM-0040,2022-07-01 16:10:24
CMP-2023-0440,2023-10-04 06:04:26,Delhi,OTP Scam,2cf7429f3d19ce72,UNION959324,Victim shared OTP with caller impersonating bank support; funds transferred.,28.8264,77.13107,yes,ATM-0375,2023-10-06 16:16:28
CMP-2021-0441,2021-04-15 23:13:14,Madurai,Phishing,8c5a5bedf95fe378,KOTAK464831,Victim received fraudulent email/SMS posing as bank and disclosed credentials.,10.03914,78.10009,no,,
CMP-2019-0442,2019-09-22 02:30:11,Madurai,Debit Card Fraud,21bcbcae847a85dc,UNION111989,Card cloned at compromised POS terminal; cash withdrawn from ATM.,9.96537,78.15946,yes,ATM-0269,2019-09-22 05:28:05
CMP-2022-0443,2022-03-28 23:39:53,Delhi,KYC Fraud,19ea75490cefd5a0,AXIS260639,Fraudster posing as bank official updated KYC and drained the account.,28.56926,77.17197,yes,ATM-0229,2022-03-31 05:52:09
CMP-2022-0444,2022-06-14 09:12:04,Mumbai,Debit Card Fraud,cf9387bcb2780edf,PNB924566,Card cloned at compromised POS terminal; cash withdrawn from ATM.,19.0443,72.76736,yes,ATM-0293,2022-06-16 14:51:50
CMP-2022-0445,2022-04-16 00:02:45,Hyderabad,UPI Fraud,e949a92bda31518b,CNRB555596,Unauthorized UPI transaction initiated from victim's account via social engineering.,17.46715,78.37581,yes,ATM-0287,2022-04-16 14:18:35
CMP-2021-0446,2021-05-16 03:26:38,Lucknow,Debit Card Fraud,d2cb361da7b174e1,UNION871403,Card cloned at compromised POS terminal; cash withdrawn from ATM.,26.85397,80.86889,yes,ATM-0221,2021-05-17 02:43:46
CMP-2024-0447,2024-07-17 18:52:36,Mumbai,UPI Fraud,ff152e545692fc2d,YESB544114,Unauthorized UPI transaction initiated from victim's account via social engineering.,19.03558,72.78485,yes,ATM-0336,2024-07-17 20:37:11
CMP-2020-0448,2020-10-29 20:35:39,Kolkata,Investment Scam,ff6b6665e3fd3053,BOB753453,Victim lured into fake crypto/stock investment platform and lost deposits.,22.46635,88.22736,no,,
CMP-2020-0449,2020-03-13 12:14:50,Kolkata,Credit Card Fraud,99cbe7cc0135fe0b,ICICI217830,Card details skimmed online; multiple unauthorized international charges.,22.64447,88.28681,no,,
CMP-2019-0450,2019-11-20 13:27:05,Patna,Lottery Scam,c502aff9bd496e8e,KOTAK827497,Victim paid processing fee for fake lottery winnings and lost money.,25.68538,85.07914,no,,
CMP-2020-0451,2020-12-28 03:24:19,Coimbatore,SIM Swap,8980a30f9efddb24,AXIS672967,SIM swapped without consent; OTPs intercepted and account emptied.,11.02378,76.8834,no,,
CMP-2023-0452,2023-05-19 06:18:06,Delhi,Phishing,1c1a99b9d1dbcc55,UNION795759,Victim received fraudulent email/SMS posing as bank and disclosed credentials.,28.71214,77.02914,yes,ATM-0103,2023-05-21 15:07:23
CMP-2022-0453,2022-09-15 23:03:35,Chennai,OTP Scam,dcf3e7e3c1a36b4f,HDFC169832,Victim shared OTP with caller impersonating bank support; funds transferred.,13.04929,80.20209,no,,
CMP-2022-0454,2022-12-17 06:43:04,Patna,UPI Fraud,a6f20dbeef8204a6,PNB780956,Unauthorized UPI transaction initiated from victim's account via social engineering.,25.56006,85.28154,no,,
CMP-2023-0455,2023-04-04 22:16:32,Indore,KYC Fraud,e1fd854e445de289,UNION657381,Fraudster posing as bank official updated KYC and drained the account.,22.59601,75.76736,no,,
CMP-2022-0456,2022-05-13 11:11:37,Coimbatore,Phishing,a27f11fd42d028a6,AXIS655132,Victim received fraudulent email/SMS posing as bank and disclosed credentials.,10.95828,76.95278,no,,
CMP-2019-0457,2019-02-10 06:05:06,Surat,KYC Fraud,eff3744f83926b25,PNB347678,Fraudster posing as bank official updated KYC and drained the account.,21.319,72.97468,yes,ATM-0032,2019-02-12 03:08:31
CMP-2024-0458,2024-04-09 04:21:56,Indore,Phishing,5b561a034670f422,PNB336540,Victim received fraudulent email/SMS posing as bank and disclosed credentials.,22.61511,75.97685,no,,
CMP-2019-0459,2019-07-12 08:36:47,Pune,SIM Swap,d927a74405fe09c7,UNION755910,SIM swapped without consent; OTPs intercepted and account emptied.,18.57636,73.8319,no,,
CMP-2021-0460,2021-07-23 09:14:07,Hyderabad,Investment Scam,e776e1f677bef2c1,BOB668573,Victim lured into fake crypto/stock investment platform and lost deposits.,17.27453,78.53244,no,,
CMP-2023-0461,2023-02-07 18:00:48,Bengaluru,Credit Card Fraud,818fa5be0f490a23,CNRB241822,Card details skimmed online; multiple unauthorized international charges.,12.95062,77.7173,no,,
CMP-2022-0462,2022-12-08 19:17:25,Lucknow,Credit Card Fraud,f83590e4a5425c26,ICICI684413,Card details skimmed online; multiple unauthorized international charges.,26.85659,81.01203,yes,ATM-0075,2022-12-10 23:38:24
CMP-2023-0463,2023-08-05 01:38:04,Indore,Loan Fraud,b382fca986e2d63e,PNB564523,Fraudulent loan approved in victim's name; money diverted to mule account.,22.79328,75.95421,no,,
CMP-2023-0464,2023-06-06 16:51:00,Delhi,Debit Card Fraud,c75e73957f1a9213,SBIN293720,Card cloned at compromised POS terminal; cash withdrawn from ATM.,28.56196,77.24829,no,,
CMP-2022-0465,2022-08-19 21:06:27,Lucknow,Debit Card Fraud,7472b2ddc7d95ce7,AXIS342129,Card cloned at compromised POS terminal; cash withdrawn from ATM.,26.90291,80.90398,no,,
CMP-2021-0466,2021-11-10 05:39:04,Jaipur,Investment Scam,0bdf807831830854,KOTAK292913,Victim lured into fake crypto/stock investment platform and lost deposits.,27.01804,75.78473,yes,ATM-0099,2021-11-10 21:56:34
CMP-2021-0467,2021-06-14 05:15:08,Chennai,Lottery Scam,31d8d558098abcdf,AXIS878427,Victim paid processing fee for fake lottery winnings and lost money.,13.1341,80.18155,yes,ATM-0091,2021-06-17 00:00:13
CMP-2024-0468,2024-11-29 12:14:37,Patna,Investment Scam,78aee76c7416e953,KOTAK579770,Victim lured into fake crypto/stock investment platform and lost deposits.,25.71038,85.11587,no,,
CMP-2022-0469,2022-08-24 23:23:20,Patna,Loan Fraud,a88c24f8b304e51d,KOTAK513296,Fraudulent loan approved in victim's name; money diverted to mule account.,25.62755,85.21034,no,,
CMP-2022-0470,2022-02-24 18:43:20,Indore,Phishing,5f32ed4d03846cbf,ICICI573546,Victim received fraudulent email/SMS posing as bank and disclosed credentials.,22.70667,75.97103,no,,
CMP-2020-0471,2020-06-22 09:01:37,Jaipur,Loan Fraud,d0c448011e832c43,HDFC684791,Fraudulent loan approved in victim's name; money diverted to mule account.,26.87862,75.86685,no,,
CMP-2020-0472,2020-02-20 23:05:24,Ahmedabad,Loan Fraud,1aac2e867e0fe4cd,PNB583757,Fraudulent loan approved in victim's name; money diverted to mule account.,22.92245,72.50973,no,,
CMP-2023-0473,2023-02-20 16:29:10,Indore,Credit Card Fraud,cbddb90c0d511414,BOB194834,Card details skimmed online; multiple unauthorized international charges.,22.78639,75.74165,no,,
CMP-2024-0474,2024-08-16 19:30:28,Coimbatore,SIM Swap,6cd7ff0f80c48e9d,YESB533648,SIM swapped without consent; OTPs intercepted and account emptied.,10.96384,76.81327,no,,
CMP-2024-0475,2024-05-18 11:44:06,Indore,Debit Card Fraud,d238023398305281,ICICI362230,Card cloned at compromised POS terminal; cash withdrawn from ATM.,22.66682,75.90227,no,,
CMP-2019-0476,2019-12-26 07:27:42,Coimbatore,UPI Fraud,4b55ee0d0652db26,ICICI840532,Unauthorized UPI transaction initiated from victim's account via social engineering.,11.00162,76.91468,no,,
CMP-2021-0477,2021-04-21 12:51:01,Madurai,SIM Swap,18cc0296957c7317,SBIN497073,SIM swapped without consent; OTPs intercepted and account emptied.,9.9403,77.98297,yes,ATM-0172,2021-04-23 05:33:57
CMP-2022-0478,2022-12-16 00:44:36,Delhi,Credit Card Fraud,9d51769f7c2bda30,SBIN906519,Card details skimmed online; multiple unauthorized international charges.,28.76771,77.07837,yes,ATM-0229,2022-12-16 21:32:08
CMP-2020-0479,2020-01-31 21:43:11,Indore,Credit Card Fraud,0f93a669e3f4e8f6,HDFC752801,Card details skimmed online; multiple unauthorized international charges.,22.79922,75.71136,no,,
CMP-2021-0480,2021-12-28 12:36:12,Madurai,Phishing,abada6776196585d,BOB349433,Victim received fraudulent email/SMS posing as bank and disclosed credentials.,9.84026,78.16764,no,,
CMP-2021-0481,2021-08-26 03:34:26,Lucknow,Investment Scam,1de384e43686aedd,AXIS673929,Victim lured into fake crypto/stock investment platform and lost deposits.,26.78013,80.98479,no,,
CMP-2020-0482,2020-03-30 22:24:56,Delhi,Credit Card Fraud,ad75cd3ad6e59d99,KOTAK138504,Card details skimmed online; multiple unauthorized international charges.,28.59771,76.96223,no,,
CMP-2022-0483,2022-08-14 19:09:46,Kolkata,UPI Fraud,0e2c384c770e585e,ICICI537211,Unauthorized UPI transaction initiated from victim's account via social engineering.,22.72072,88.2623,yes,ATM-0339,2022-08-16 20:57:06
CMP-2022-0484,2022-07-27 13:50:57,Madurai,SIM Swap,0f93d80d35828acf,BOB885734,SIM swapped without consent; OTPs intercepted and account emptied.,9.94889,78.24924,yes,ATM-0154,2022-07-28 13:05:32
CMP-2024-0485,2024-05-20 11:42:20,Patna,UPI Fraud,c1774b016029f967,YESB984274,Unauthorized UPI transaction initiated from victim's account via social engineering.,25.60924,85.07545,yes,ATM-0356,2024-05-23 01:34:59
CMP-2020-0486,2020-12-22 07:06:04,Pune,SIM Swap,e3180d82e60dae99,AXIS741784,SIM swapped without consent; OTPs intercepted and account emptied.,18.38786,73.87811,no,,
CMP-2022-0487,2022-03-04 22:07:45,Mumbai,OTP Scam,f49d96b81ddc7d02,UNION926471,Victim shared OTP with caller impersonating bank support; funds transferred.,19.22188,72.81386,no,,
CMP-2020-0488,2020-11-24 10:14:03,Jaipur,Investment Scam,c4453c975e093802,KOTAK236014,Victim lured into fake crypto/stock investment platform and lost deposits.,26.94669,75.78622,no,,
CMP-2021-0489,2021-12-26 13:13:07,Madurai,Credit Card Fraud,7900b6382246a254,AXIS843007,Card details skimmed online; multiple unauthorized international charges.,9.86235,78.02787,yes,ATM-0239,2021-12-28 10:15:06
CMP-2019-0490,2019-09-16 09:00:22,Patna,Debit Card Fraud,6936b3bb89947500,UNION534773,Card cloned at compromised POS terminal; cash withdrawn from ATM.,25.56831,85.08774,no,,
CMP-2022-0491,2022-10-28 18:29:10,Chennai,Debit Card Fraud,ef6f006a32c82170,PNB366776,Card cloned at compromised POS terminal; cash withdrawn from ATM.,13.16976,80.21303,no,,
CMP-2020-0492,2020-12-10 17:12:40,Chennai,UPI Fraud,d07680abf97f16c1,KOTAK457943,Unauthorized UPI transaction initiated from victim's account via social engineering.,13.05151,80.29138,no,,
CMP-2023-0493,2023-12-29 00:08:13,Bengaluru,KYC Fraud,f5a7fb2a7951801d,KOTAK805139,Fraudster posing as bank official updated KYC and drained the account.,12.96533,77.58695,yes,ATM-0070,2023-12-30 10:48:16
CMP-2022-0494,2022-10-06 04:42:37,Indore,SIM Swap,bae45d5ecc364f79,BOB922072,SIM swapped without consent; OTPs intercepted and account emptied.,22.81385,75.98604,yes,ATM-0267,2022-10-07 02:15:47
CMP-2023-0495,2023-05-08 09:30:54,Kolkata,SIM Swap,4f28062eac56191d,HDFC318379,SIM swapped without consent; OTPs intercepted and account emptied.,22.59582,88.31342,no,,
CMP-2023-0496,2023-10-10 13:26:33,Mumbai,Credit Card Fraud,3819d8c321fbd606,HDFC455627,Card details skimmed online; multiple unauthorized international charges.,19.22109,72.91565,no,,
CMP-2022-0497,2022-06-05 00:29:55,Pune,Credit Card Fraud,1a7ee4f087a19ad7,ICICI920347,Card details skimmed online; multiple unauthorized international charges.,18.59586,73.91828,yes,ATM-0017,2022-06-05 20:02:47
CMP-2019-0498,2019-07-10 04:10:29,Indore,Debit Card Fraud,356f79823ed73fc5,BOB969749,Card cloned at compromised POS terminal; cash withdrawn from ATM.,22.85482,75.77254,yes,ATM-0058,2019-07-11 07:07:05
CMP-2019-0499,2019-03-23 22:22:50,Bengaluru,UPI Fraud,14c2accd2832a318,CNRB126146,Unauthorized UPI transaction initiated from victim's account via social engineering.,13.06131,77.71609,yes,ATM-0175,2019-03-26 16:52:56
CMP-2023-0500,2023-05-24 18:40:51,Jaipur,Lottery Scam,33520ee91739689e,KOTAK250255,Victim paid processing fee for fake lottery winnings and lost money.,26.99324,75.66678,no,,
CMP-2022-0501,2022-02-04 21:03:13,Delhi,Debit Card Fraud,f83d2d0580489378,HDFC581682,Card cloned at compromised POS terminal; cash withdrawn from ATM.,28.67038,77.21194,yes,ATM-0160,2022-02-07 16:10:55
CMP-2023-0502,2023-02-14 07:57:35,Lucknow,UPI Fraud,2f081f8d139dd003,BOB148381,Unauthorized UPI transaction initiated from victim's account via social engineering.,26.72763,81.02605,no,,
CMP-2019-0503,2019-02-19 06:06:07,Madurai,Lottery Scam,1f5a6757f793dfa4,AXIS436467,Victim paid processing fee for fake lottery winnings and lost money.,9.83537,78.05577,no,,
CMP-2023-0504,2023-08-21 04:14:12,Surat,UPI Fraud,66be27cab6d2284b,SBIN265146,Unauthorized UPI transaction initiated from victim's account via social engineering.,21.10229,72.68568,no,,
CMP-2022-0505,2022-01-31 07:21:57,Bengaluru,SIM Swap,460327dd3d3b2080,CNRB433955,SIM swapped without consent; OTPs intercepted and account emptied.,12.90292,77.72758,no,,
CMP-2022-0506,2022-06-11 19:34:38,Delhi,UPI Fraud,0507a7c4042b9044,UNION455193,Unauthorized UPI transaction initiated from victim's account via social engineering.,28.71627,76.96772,yes,ATM-0346,2022-06-11 23:12:37
CMP-2021-0507,2021-04-20 11:12:12,Mumbai,Loan Fraud,c477f6ac00e8d07d,SBIN838908,Fraudulent loan approved in victim's name; money diverted to mule account.,19.10484,72.90553,no,,
CMP-2023-0508,2023-03-13 07:26:07,Lucknow,KYC Fraud,84b854330ef9c2b3,KOTAK957150,Fraudster posing as bank official updated KYC and drained the account.,26.75614,81.02372,no,,
CMP-2019-0509,2019-06-22 02:14:31,Indore,OTP Scam,89a1e620235c10db,SBIN197429,Victim shared OTP with caller impersonating bank support; funds transferred.,22.81346,75.98361,no,,
CMP-2021-0510,2021-09-25 04:26:16,Surat,OTP Scam,31de63430e1a9cc9,AXIS334665,Victim shared OTP with caller impersonating bank support; funds transferred.,21.06332,72.94981,yes,ATM-0187,2021-09-26 08:40:03
CMP-2023-0511,2023-03-13 20:32:06,Surat,KYC Fraud,5415140ef709155e,KOTAK575301,Fraudster posing as bank official updated KYC and drained the account.,21.16645,72.70071,yes,ATM-0246,2023-03-15 05:44:40
CMP-2020-0512,2020-01-10 05:25:42,Madurai,KYC Fraud,8bfd76dcecc35fc8,UNION233582,Fraudster posing as bank official updated KYC and drained the account.,9.92758,78.09151,no,,
CMP-2019-0513,2019-08-23 09:30:15,Jaipur,UPI Fraud,a892306dee969a72,PNB658624,Unauthorized UPI transaction initiated from victim's account via social engineering.,26.90069,75.81446,yes,ATM-0125,2019-08-25 00:57:24
CMP-2024-0514,2024-11-03 19:07:22,Pune,UPI Fraud,8dcb6f392aa9844d,AXIS953452,Unauthorized UPI transaction initiated from victim's account via social engineering.,18.57862,73.83604,no,,
CMP-2022-0515,2022-05-27 18:14:00,Kolkata,SIM Swap,99db185a179064ad,AXIS281493,SIM swapped without consent; OTPs intercepted and account emptied.,22.62138,88.23727,no,,
CMP-2022-0516,2022-06-12 01:07:01,Ahmedabad,UPI Fraud,df9b782c97afad08,UNION585394,Unauthorized UPI transaction initiated from victim's account via social engineering.,22.97011,72.4507,yes,ATM-0158,2022-06-14 21:56:26
CMP-2019-0517,2019-06-02 12:14:52,Mumbai,Investment Scam,a7ee3c84184ac0d1,YESB443312,Victim lured into fake crypto/stock investment platform and lost deposits.,19.07429,72.92575,yes,ATM-0072,2019-06-05 04:07:50
CMP-2024-0518,2024-06-02 00:48:49,Surat,Phishing,906a9aab577094e8,SBIN792984,Victim received fraudulent email/SMS posing as bank and disclosed credentials.,21.06496,72.84048,yes,ATM-0296,2024-06-03 09:00:33
CMP-2020-0519,2020-03-26 14:30:49,Indore,KYC Fraud,4b5fd3df287b7798,UNION932932,Fraudster posing as bank official updated KYC and drained the account.,22.84356,75.79907,no,,
CMP-2021-0520,2021-08-10 11:41:10,Indore,KYC Fraud,42b6de61dd5410b6,UNION108513,Fraudster posing as bank official updated KYC and drained the account.,22.75305,75.86083,no,,
CMP-2024-0521,2024-02-11 20:07:56,Chennai,KYC Fraud,c4e088b0710b1721,HDFC100884,Fraudster posing as bank official updated KYC and drained the account.,13.14371,80.36693,yes,ATM-0145,2024-02-14 10:27:40
CMP-2020-0522,2020-05-30 09:55:18,Coimbatore,Investment Scam,ee64bcede83cc19c,KOTAK846348,Victim lured into fake crypto/stock investment platform and lost deposits.,10.98164,76.92027,no,,
CMP-2022-0523,2022-12-22 12:14:45,Ahmedabad,Credit Card Fraud,2df8a9ae8386f196,CNRB503277,Card details skimmed online; multiple unauthorized international charges.,23.1255,72.52949,yes,ATM-0148,2022-12-25 12:03:45
CMP-2023-0524,2023-01-08 02:45:17,Delhi,Phishing,f6c4d512653b0f99,HDFC250990,Victim received fraudulent email/SMS posing as bank and disclosed credentials.,28.7705,77.09851,yes,ATM-0070,2023-01-08 08:51:02
CMP-2022-0525,2022-11-08 03:42:02,Pune,OTP Scam,8169c523c55965c9,UNION546383,Victim shared OTP with caller impersonating bank support; funds transferred.,18.55737,73.84302,yes,ATM-0231,2022-11-09 07:24:00
CMP-2020-0526,2020-05-09 14:21:37,Pune,Investment Scam,6cd7c5926fcec6c6,UNION622355,Victim lured into fake crypto/stock investment platform and lost deposits.,18.62444,73.77772,no,,
CMP-2021-0527,2021-06-19 03:29:44,Jaipur,Investment Scam,0e42ae2ef5f2e903,HDFC139704,Victim lured into fake crypto/stock investment platform and lost deposits.,26.93284,75.84876,yes,ATM-0247,2021-06-22 00:44:26
CMP-2019-0528,2019-06-25 10:02:18,Coimbatore,SIM Swap,44e4fef99d72d9aa,PNB587521,SIM swapped without consent; OTPs intercepted and account emptied.,11.02188,76.96281,no,,
CMP-2020-0529,2020-06-21 07:14:34,Surat,UPI Fraud,8a4eddda250211c1,CNRB936866,Unauthorized UPI transaction initiated from victim's account via social engineering.,21.19409,72.86501,no,,
CMP-2022-0530,2022-03-18 06:11:20,Chennai,OTP Scam,b98456f70155c575,CNRB592025,Victim shared OTP with caller impersonating bank support; funds transferred.,13.10489,80.22015,yes,ATM-0151,2022-03-19 03:00:43
CMP-2019-0531,2019-03-19 09:35:42,Indore,Investment Scam,1326519a1fe8177b,PNB862285,Victim lured into fake crypto/stock investment platform and lost deposits.,22.80511,75.78583,no,,
CMP-2022-0532,2022-06-20 16:58:15,Lucknow,Phishing,0ecd32c9752c567e,PNB948188,Victim received fraudulent email/SMS posing as bank and disclosed credentials.,26.91791,80.80439,no,,
CMP-2019-0533,2019-10-05 20:46:23,Mumbai,Lottery Scam,d7e0142c55824d46,SBIN745710,Victim paid processing fee for fake lottery winnings and lost money.,19.01029,72.98506,yes,ATM-0058,2019-10-07 16:14:53
CMP-2024-0534,2024-06-17 02:21:15,Coimbatore,Credit Card Fraud,bd7a0013ebc43d6e,BOB487728,Card details skimmed online; multiple unauthorized international charges.,11.10915,76.88418,no,,
CMP-2021-0535,2021-11-28 10:57:18,Madurai,SIM Swap,597f5f0f7fb0eb9d,KOTAK188501,SIM swapped without consent; OTPs intercepted and account emptied.,10.0654,78.14846,no,,
CMP-2024-0536,2024-01-10 05:06:22,Madurai,Loan Fraud,51e31f01fb033837,YESB349505,Fraudulent loan approved in victim's name; money diverted to mule account.,9.9734,78.1876,yes,ATM-0296,2024-01-12 09:58:48
CMP-2021-0537,2021-01-26 01:27:41,Surat,Lottery Scam,bf2fc101c54826a6,ICICI155074,Victim paid processing fee for fake lottery winnings and lost money.,21.07048,72.80072,yes,ATM-0383,2021-01-28 21:44:08
CMP-2024-0538,2024-07-14 02:35:49,Bengaluru,Loan Fraud,523a24052ae9074f,YESB597643,Fraudulent loan approved in victim's name; money diverted to mule account.,12.90039,77.60373,yes,ATM-0148,2024-07-16 21:21:25
CMP-2021-0539,2021-09-10 08:47:01,Surat,KYC Fraud,beaaa4707e23cc8f,HDFC202093,Fraudster posing as bank official updated KYC and drained the account.,21.29551,72.87233,no,,
CMP-2021-0540,2021-08-04 01:01:43,Indore,Lottery Scam,9ea41d45052a300f,PNB380061,Victim paid processing fee for fake lottery winnings and lost money.,22.81029,75.7843,no,,
CMP-2021-0541,2021-10-07 06:56:03,Surat,Debit Card Fraud,3141e448b51c507b,UNION907924,Card cloned at compromised POS terminal; cash withdrawn from ATM.,21.07868,72.78232,no,,
CMP-2020-0542,2020-01-30 04:44:14,Jaipur,Phishing,e009a5db452899c1,HDFC972089,Victim received fraudulent email/SMS posing as bank and disclosed credentials.,26.78279,75.76067,no,,
CMP-2023-0543,2023-02-10 22:18:30,Kolkata,Debit Card Fraud,ece31315b3553a12,PNB364132,Card cloned at compromised POS terminal; cash withdrawn from ATM.,22.48052,88.22101,yes,ATM-0305,2023-02-12 21:35:02
CMP-2024-0544,2024-01-05 11:46:59,Lucknow,UPI Fraud,f85d4e1bc78694de,ICICI190582,Unauthorized UPI transaction initiated from victim's account via social engineering.,26.95363,80.83517,no,,
CMP-2024-0545,2024-05-25 16:11:42,Lucknow,Credit Card Fraud,3e4cf947a4e64207,SBIN365641,Card details skimmed online; multiple unauthorized international charges.,26.78507,80.99434,yes,ATM-0233,2024-05-28 10:37:45
CMP-2020-0546,2020-08-28 13:21:11,Pune,KYC Fraud,0677f58905aeefce,SBIN918656,Fraudster posing as bank official updated KYC and drained the account.,18.3926,73.93983,yes,ATM-0171,2020-08-31 13:03:44
CMP-2020-0547,2020-07-19 19:13:07,Patna,Lottery Scam,c94bda2e557e7b00,BOB172769,Victim paid processing fee for fake lottery winnings and lost money.,25.59162,85.26618,no,,
CMP-2020-0548,2020-01-26 23:12:11,Ahmedabad,UPI Fraud,7f61e7c0ab333f40,CNRB906048,Unauthorized UPI transaction initiated from victim's account via social engineering.,23.00188,72.60559,yes,ATM-0227,2020-01-29 02:42:42
CMP-2019-0549,2019-08-15 07:14:58,Mumbai,UPI Fraud,1f596123fa60ec84,PNB914992,Unauthorized UPI transaction initiated from victim's account via social engineering.,19.05976,72.99665,yes,ATM-0328,2019-08-15 07:18:43
CMP-2019-0550,2019-03-24 21:32:56,Pune,Lottery Scam,657e7091ea1120ab,KOTAK510339,Victim paid processing fee for fake lottery winnings and lost money.,18.54279,73.86131,no,,
CMP-2021-0551,2021-12-11 01:53:18,Pune,Loan Fraud,a3c5b3f30ae31998,ICICI666366,Fraudulent loan approved in victim's name; money diverted to mule account.,18.43815,73.82203,no,,
CMP-2023-0552,2023-09-05 14:34:28,Mumbai,Investment Scam,fcbcd8b2f97ab89e,KOTAK449636,Victim lured into fake crypto/stock investment platform and lost deposits.,19.13055,72.84788,no,,
CMP-2024-0553,2024-10-01 18:47:42,Mumbai,KYC Fraud,50752e92c5e68229,KOTAK184365,Fraudster posing as bank official updated KYC and drained the account.,19.17835,72.95584,yes,ATM-0104,2024-10-02 07:30:42
CMP-2019-0554,2019-03-28 04:11:27,Pune,Debit Card Fraud,a2c9f782c33c7638,YESB211954,Card cloned at compromised POS terminal; cash withdrawn from ATM.,18.55959,73.81448,yes,ATM-0324,2019-03-29 11:43:32
CMP-2020-0555,2020-02-20 02:48:03,Chennai,Debit Card Fraud,efc524d69ae69f7f,UNION350069,Card cloned at compromised POS terminal; cash withdrawn from ATM.,13.07947,80.1396,no,,
CMP-2020-0556,2020-11-05 05:43:14,Jaipur,OTP Scam,23cd38735cb8cc83,HDFC455766,Victim shared OTP with caller impersonating bank support; funds transferred.,26.77922,75.87363,yes,ATM-0061,2020-11-05 20:57:41
CMP-2022-0557,2022-12-03 14:02:41,Jaipur,OTP Scam,e44406638789c5e2,CNRB256189,Victim shared OTP with caller impersonating bank support; funds transferred.,26.98472,75.7072,yes,ATM-0377,2022-12-04 00:14:22
CMP-2022-0558,2022-12-03 13:04:37,Ahmedabad,Investment Scam,b67aa4a75cbb2dbe,AXIS835363,Victim lured into fake crypto/stock investment platform and lost deposits.,23.06714,72.42571,no,,
CMP-2024-0559,2024-06-05 02:45:54,Patna,UPI Fraud,ab37b3fd129c4d62,UNION278980,Unauthorized UPI transaction initiated from victim's account via social engineering.,25.69471,85.00679,no,,
CMP-2019-0560,2019-09-08 04:01:27,Lucknow,Investment Scam,acdb3d1b3b154a85,ICICI943530,Victim lured into fake crypto/stock investment platform and lost deposits.,26.75749,80.8974,no,,
CMP-2023-0561,2023-06-05 19:13:37,Pune,KYC Fraud,7f747fa7dfa2d70c,UNION672401,Fraudster posing as bank official updated KYC and drained the account.,18.4116,73.95763,no,,
CMP-2023-0562,2023-08-02 10:09:32,Lucknow,Credit Card Fraud,5288da6edf6e5be2,ICICI226610,Card details skimmed online; multiple unauthorized international charges.,26.77887,81.02347,yes,ATM-0190,2023-08-04 02:00:15
CMP-2021-0563,2021-08-19 02:33:40,Indore,Investment Scam,5fec046392787743,SBIN204823,Victim lured into fake crypto/stock investment platform and lost deposits.,22.80692,75.89736,yes,ATM-0081,2021-08-19 03:41:11
CMP-2021-0564,2021-12-02 22:41:51,Chennai,Phishing,626054b66713e434,ICICI841071,Victim received fraudulent email/SMS posing as bank and disclosed credentials.,13.12823,80.38677,yes,ATM-0244,2021-12-05 00:32:50
CMP-2020-0565,2020-03-27 16:43:44,Surat,Lottery Scam,6372e1b3b3074b02,BOB532046,Victim paid processing fee for fake lottery winnings and lost money.,21.09198,72.73346,no,,
CMP-2022-0566,2022-07-30 10:21:55,Coimbatore,OTP Scam,5e07823b6aa1b466,ICICI757658,Victim shared OTP with caller impersonating bank support; funds transferred.,11.11475,76.89616,yes,ATM-0286,2022-07-31 03:19:52
CMP-2019-0567,2019-09-15 11:01:52,Jaipur,UPI Fraud,c425df06b13f43fe,KOTAK898100,Unauthorized UPI transaction initiated from victim's account via social engineering.,27.05843,75.78956,no,,
CMP-2022-0568,2022-10-04 13:59:45,Bengaluru,Lottery Scam,ecae148ddda2b7cc,AXIS218152,Victim paid processing fee for fake lottery winnings and lost money.,13.06058,77.65017,no,,
CMP-2021-0569,2021-11-05 10:31:29,Delhi,Credit Card Fraud,a678b75b0347b0dc,HDFC156652,Card details skimmed online; multiple unauthorized international charges.,28.74756,77.03802,yes,ATM-0172,2021-11-07 06:56:08
CMP-2024-0570,2024-05-04 03:56:43,Ahmedabad,Phishing,054a6b9d94cf4511,HDFC663463,Victim received fraudulent email/SMS posing as bank and disclosed credentials.,22.92527,72.65705,no,,
CMP-2019-0571,2019-09-12 07:09:59,Indore,Debit Card Fraud,2fdd6c833c2a8efc,BOB721497,Card cloned at compromised POS terminal; cash withdrawn from ATM.,22.74353,75.83342,no,,
CMP-2024-0572,2024-05-22 08:01:58,Bengaluru,UPI Fraud,480b0dc0742447cd,AXIS202827,Unauthorized UPI transaction initiated from victim's account via social engineering.,12.89274,77.56838,yes,ATM-0113,2024-05-22 13:19:37
CMP-2022-0573,2022-07-05 22:29:28,Chennai,Loan Fraud,cf0cdaa7f134590d,AXIS739037,Fraudulent loan approved in victim's name; money diverted to mule account.,13.0692,80.2369,yes,ATM-0369,2022-07-06 12:28:13
CMP-2021-0574,2021-02-24 16:06:22,Hyderabad,Debit Card Fraud,c16643c89c9f7eb4,SBIN133653,Card cloned at compromised POS terminal; cash withdrawn from ATM.,17.44266,78.3546,yes,ATM-0239,2021-02-26 01:07:26
CMP-2020-0575,2020-01-11 02:27:00,Kolkata,Debit Card Fraud,703477c4665fb64c,UNION264404,Card cloned at compromised POS terminal; cash withdrawn from ATM.,22.65946,88.4053,no,,
CMP-2020-0576,2020-01-08 07:53:14,Jaipur,Debit Card Fraud,3e4469afbba300b9,YESB998602,Card cloned at compromised POS terminal; cash withdrawn from ATM.,26.91893,75.89596,yes,ATM-0243,2020-01-10 20:09:02
CMP-2020-0577,2020-09-03 15:55:17,Coimbatore,Loan Fraud,6b0be4b5c1187ecd,AXIS359870,Fraudulent loan approved in victim's name; money diverted to mule account.,10.96499,76.97964,no,,
CMP-2022-0578,2022-07-20 13:43:10,Delhi,Investment Scam,0124bad7da5db5f0,YESB146372,Victim lured into fake crypto/stock investment platform and lost deposits.,28.56612,77.0937,no,,
CMP-2019-0579,2019-03-15 15:54:11,Jaipur,Loan Fraud,643fdebeb65572d5,ICICI574419,Fraudulent loan approved in victim's name; money diverted to mule account.,26.91099,75.66223,no,,
CMP-2023-0580,2023-02-27 17:07:01,Pune,Debit Card Fraud,ee5f8986d63ee64c,KOTAK410158,Card cloned at compromised POS terminal; cash withdrawn from ATM.,18.44212,74.00639,yes,ATM-0343,2023-02-28 15:03:54
CMP-2023-0581,2023-03-21 22:33:47,Patna,Investment Scam,0df4a8b7169761e5,UNION125599,Victim lured into fake crypto/stock investment platform and lost deposits.,25.73703,85.12673,yes,ATM-0361,2023-03-23 03:44:56
CMP-2023-0582,2023-09-27 13:55:49,Kolkata,OTP Scam,2db148cc5fd4365e,HDFC757776,Victim shared OTP with caller impersonating bank support; funds transferred.,22.44381,88.48193,yes,ATM-0017,2023-09-28 11:17:06
CMP-2023-0583,2023-07-08 13:51:47,Coimbatore,Investment Scam,9c0052bd071fba54,UNION933071,Victim lured into fake crypto/stock investment platform and lost deposits.,10.92894,77.0112,no,,
CMP-2021-0584,2021-01-05 12:10:07,Indore,Phishing,ba4710f84a78064f,KOTAK154067,Victim received fraudulent email/SMS posing as bank and disclosed credentials.,22.60289,75.81738,no,,
CMP-2021-0585,2021-03-11 23:11:34,Delhi,SIM Swap,5716751f07831101,ICICI687997,SIM swapped without consent; OTPs intercepted and account emptied.,28.7669,77.01391,no,,
CMP-2020-0586,2020-06-06 20:15:43,Mumbai,OTP Scam,e218ef67ecc555fd,UNION836984,Victim shared OTP with caller impersonating bank support; funds transferred.,18.98894,72.95121,yes,ATM-0181,2020-06-09 12:54:48
CMP-2022-0587,2022-01-08 07:30:47,Pune,Lottery Scam,f668c08d5d4b8458,ICICI490923,Victim paid processing fee for fake lottery winnings and lost money.,18.47397,73.85257,no,,
CMP-2019-0588,2019-09-26 20:33:10,Coimbatore,SIM Swap,3f560714f90e6d08,CNRB406461,SIM swapped without consent; OTPs intercepted and account emptied.,11.00239,76.91624,no,,
CMP-2023-0589,2023-02-27 20:26:34,Indore,UPI Fraud,eb724305c9c0c890,BOB191549,Unauthorized UPI transaction initiated from victim's account via social engineering.,22.59365,75.97708,yes,ATM-0040,2023-02-28 04:19:01
CMP-2020-0590,2020-08-27 14:10:22,Coimbatore,Credit Card Fraud,2cd7bf2322cd9b29,SBIN314178,Card details skimmed online; multiple unauthorized international charges.,11.02301,76.99398,yes,ATM-0350,2020-08-29 05:09:22
CMP-2019-0591,2019-10-17 06:31:37,Kolkata,Loan Fraud,9e4d640084dc41b4,HDFC405677,Fraudulent loan approved in victim's name; money diverted to mule account.,22.47932,88.22051,no,,
CMP-2024-0592,2024-01-04 08:52:49,Jaipur,KYC Fraud,f1ec157550c0babe,UNION459443,Fraudster posing as bank official updated KYC and drained the account.,26.95913,75.87335,no,,
CMP-2022-0593,2022-12-29 21:20:15,Jaipur,SIM Swap,7edbe49ac2c68a22,BOB418853,SIM swapped without consent; OTPs intercepted and account emptied.,26.93258,75.90678,yes,ATM-0134,2022-12-30 13:39:56
CMP-2021-0594,2021-03-25 20:06:41,Hyderabad,Phishing,cc6ee8934a454a5d,KOTAK398196,Victim received fraudulent email/SMS posing as bank and disclosed credentials.,17.37178,78.38661,no,,
CMP-2023-0595,2023-04-09 13:55:52,Hyderabad,Credit Card Fraud,ecd5386e8e766beb,SBIN269087,Card details skimmed online; multiple unauthorized international charges.,17.30637,78.34905,yes,ATM-0065,2023-04-10 21:40:30
CMP-2021-0596,2021-03-20 22:50:23,Bengaluru,SIM Swap,e7ebf05998b5e3a8,HDFC797883,SIM swapped without consent; OTPs intercepted and account emptied.,12.91668,77.54775,yes,ATM-0277,2021-03-23 21:04:24
CMP-2022-0597,2022-03-15 05:04:52,Mumbai,Phishing,11da4b438d18f1da,BOB905849,Victim received fraudulent email/SMS posing as bank and disclosed credentials.,18.96962,72.86511,yes,ATM-0003,2022-03-18 02:55:55
CMP-2022-0598,2022-04-11 14:31:10,Jaipur,KYC Fraud,fd3d6e3c23017a86,PNB596931,Fraudster posing as bank official updated KYC and drained the account.,27.03119,75.92818,no,,
CMP-2024-0599,2024-12-17 23:57:09,Surat,Credit Card Fraud,71409ebac0f037b2,UNION863933,Card details skimmed online; multiple unauthorized international charges.,21.29226,72.81373,no,,
CMP-2023-0600,2023-05-23 00:35:06,Indore,Phishing,88b3fc3f47289cda,CNRB222553,Victim received fraudulent email/SMS posing as bank and disclosed credentials.,22.66202,75.82819,no,,
CMP-2021-0601,2021-09-04 03:01:40,Mumbai,KYC Fraud,7d4d25cd4cfcb219,UNION772465,Fraudster posing as bank official updated KYC and drained the account.,18.98454,72.88563,no,,
CMP-2023-0602,2023-08-08 16:55:47,Bengaluru,Phishing,5658333763c5f8f8,CNRB990714,Victim received fraudulent email/SMS posing as bank and disclosed credentials.,12.95524,77.64607,yes,ATM-0263,2023-08-09 21:19:42
CMP-2021-0603,2021-12-10 14:37:49,Lucknow,Investment Scam,3f93ae4748e07d82,HDFC799155,Victim lured into fake crypto/stock investment platform and lost deposits.,26.80502,80.84058,no,,
CMP-2021-0604,2021-03-20 20:37:19,Kolkata,Phishing,d53ad50a64b3f09e,KOTAK468422,Victim received fraudulent email/SMS posing as bank and disclosed credentials.,22.51503,88.34757,no,,
CMP-2020-0605,2020-04-17 14:06:50,Indore,OTP Scam,04875a53b45cc2f3,YESB942725,Victim shared OTP with caller impersonating bank support; funds transferred.,22.70235,75.75684,no,,
CMP-2024-0606,2024-05-20 21:53:54,Coimbatore,Loan Fraud,b4475d97de7c1b29,UNION726981,Fraudulent loan approved in victim's name; money diverted to mule account.,10.89262,76.86814,no,,
CMP-2024-0607,2024-03-15 17:58:39,Kolkata,UPI Fraud,ac81faadfc46d2b2,YESB192744,Unauthorized UPI transaction initiated from victim's account via social engineering.,22.42459,88.40554,yes,ATM-0090,2024-03-17 09:59:46
CMP-2023-0608,2023-04-06 03:37:42,Madurai,Credit Card Fraud,f7b6ec59a5f67770,SBIN972712,Card details skimmed online; multiple unauthorized international charges.,9.88973,78.13596,yes,ATM-0155,2023-04-08 15:43:07
CMP-2020-0609,2020-10-27 21:02:01,Jaipur,OTP Scam,8b498ab32417011d,HDFC929653,Victim shared OTP with caller impersonating bank support; funds transferred.,26.76313,75.7161,no,,
CMP-2024-0610,2024-01-02 19:50:15,Ahmedabad,UPI Fraud,f139cc67534d77e3,PNB537420,Unauthorized UPI transaction initiated from victim's account via social engineering.,22.92631,72.69344,no,,
CMP-2019-0611,2019-03-04 07:37:29,Madurai,Lottery Scam,81fa0271b095f2b2,ICICI727983,Victim paid processing fee for fake lottery winnings and lost money.,9.99887,78.14412,no,,
CMP-2024-0612,2024-03-17 13:06:06,Surat,OTP Scam,5a65527b27c30af4,ICICI491330,Victim shared OTP with caller impersonating bank support; funds transferred.,21.17396,72.85368,no,,
CMP-2019-0613,2019-12-23 19:09:31,Chennai,Credit Card Fraud,3fd765557edb7186,BOB826959,Card details skimmed online; multiple unauthorized international charges.,12.97335,80.16969,yes,ATM-0215,2019-12-25 16:58:07
CMP-2024-0614,2024-09-23 17:56:31,Chennai,Lottery Scam,9613a303e0203b47,CNRB769983,Victim paid processing fee for fake lottery winnings and lost money.,13.2136,80.27486,no,,
CMP-2020-0615,2020-02-06 11:53:11,Mumbai,Investment Scam,f718071c473effc7,SBIN670123,Victim lured into fake crypto/stock investment platform and lost deposits.,19.02278,72.82256,no,,
CMP-2023-0616,2023-10-19 12:44:34,Hyderabad,KYC Fraud,e4be36edc9845025,CNRB708222,Fraudster posing as bank official updated KYC and drained the account.,17.34049,78.37982,yes,ATM-0145,2023-10-20 15:36:00
CMP-2021-0617,2021-11-28 09:55:49,Kolkata,Credit Card Fraud,2fbbd32d49bb1aad,AXIS262062,Card details skimmed online; multiple unauthorized international charges.,22.57361,88.46337,no,,
CMP-2022-0618,2022-05-09 00:19:32,Coimbatore,SIM Swap,d5277a7d3cbba55e,CNRB836378,SIM swapped without consent; OTPs intercepted and account emptied.,11.09369,76.83999,no,,
CMP-2019-0619,2019-06-17 09:26:04,Patna,Credit Card Fraud,1787ed0d39038ff0,BOB465124,Card details skimmed online; multiple unauthorized international charges.,25.53757,85.09637,no,,
CMP-2024-0620,2024-05-03 09:22:20,Lucknow,SIM Swap,b340ace2fc1a9b0c,KOTAK280572,SIM swapped without consent; OTPs intercepted and account emptied.,26.90967,80.80483,no,,
CMP-2020-0621,2020-05-02 04:27:54,Patna,Credit Card Fraud,7fc184b3b8b7c458,AXIS422361,Card details skimmed online; multiple unauthorized international charges.,25.4817,85.02667,yes,ATM-0354,2020-05-04 11:24:09
CMP-2019-0622,2019-09-02 18:47:59,Chennai,OTP Scam,0ecaa8e8dbdff2fb,YESB144582,Victim shared OTP with caller impersonating bank support; funds transferred.,12.99161,80.13054,no,,
CMP-2022-0623,2022-07-23 15:34:32,Ahmedabad,UPI Fraud,3846485c256235e8,HDFC169465,Unauthorized UPI transaction initiated from victim's account via social engineering.,22.96299,72.42448,yes,ATM-0064,2022-07-26 09:49:22
CMP-2020-0624,2020-03-26 00:48:57,Indore,Debit Card Fraud,2a3a296f3686a2ce,KOTAK130680,Card cloned at compromised POS terminal; cash withdrawn from ATM.,22.59683,75.96146,no,,
CMP-2024-0625,2024-09-09 19:15:27,Kolkata,KYC Fraud,b32fc265736e1b01,CNRB918730,Fraudster posing as bank official updated KYC and drained the account.,22.64117,88.28645,no,,
CMP-2019-0626,2019-08-06 03:22:23,Lucknow,Phishing,7724862918573ec2,AXIS850582,Victim received fraudulent email/SMS posing as bank and disclosed credentials.,26.75416,80.88076,no,,
CMP-2022-0627,2022-03-22 20:15:33,Coimbatore,UPI Fraud,150254ef31f370d6,CNRB992649,Unauthorized UPI transaction initiated from victim's account via social engineering.,11.07913,76.91574,no,,
CMP-2021-0628,2021-08-21 07:23:16,Mumbai,Credit Card Fraud,be034e78ee207b06,KOTAK498055,Card details skimmed online; multiple unauthorized international charges.,19.05323,72.88198,yes,ATM-0161,2021-08-21 16:17:17
CMP-2019-0629,2019-08-30 16:51:54,Delhi,OTP Scam,b94eed3aa66ad8c3,KOTAK838963,Victim shared OTP with caller impersonating bank support; funds transferred.,28.64058,77.16914,yes,ATM-0253,2019-08-31 01:11:49
CMP-2020-0630,2020-09-13 09:25:26,Lucknow,Lottery Scam,a8c2653c664f616b,BOB336845,Victim paid processing fee for fake lottery winnings and lost money.,26.86287,80.88338,no,,
CMP-2020-0631,2020-02-18 15:04:10,Mumbai,OTP Scam,3015530c8011c21a,KOTAK288006,Victim shared OTP with caller impersonating bank support; funds transferred.,18.92984,72.92995,no,,
CMP-2021-0632,2021-05-18 10:42:26,Jaipur,UPI Fraud,c01f78370ae241da,SBIN513989,Unauthorized UPI transaction initiated from victim's account via social engineering.,26.88259,75.81447,yes,ATM-0087,2021-05-18 15:21:59
CMP-2024-0633,2024-11-06 16:18:39,Kolkata,Debit Card Fraud,fd447efb06eb9b34,YESB228725,Card cloned at compromised POS terminal; cash withdrawn from ATM.,22.49246,88.34131,no,,
CMP-2023-0634,2023-08-03 17:08:15,Madurai,Investment Scam,97a18d1575ea08be,PNB893041,Victim lured into fake crypto/stock investment platform and lost deposits.,10.01205,78.16295,yes,ATM-0244,2023-08-05 17:08:18
CMP-2024-0635,2024-09-12 18:05:58,Ahmedabad,SIM Swap,3b9e22bddb53e4d0,SBIN905305,SIM swapped without consent; OTPs intercepted and account emptied.,23.00889,72.45806,no,,
CMP-2020-0636,2020-05-20 17:31:59,Delhi,Phishing,2871f58a7d793c28,HDFC970645,Victim received fraudulent email/SMS posing as bank and disclosed credentials.,28.57457,77.15593,no,,
CMP-2021-0637,2021-04-18 08:22:21,Surat,KYC Fraud,81d308807f793d6b,PNB752179,Fraudster posing as bank official updated KYC and drained the account.,21.20717,72.90915,no,,
CMP-2022-0638,2022-02-13 04:59:37,Ahmedabad,OTP Scam,e05176458c30fb36,PNB794255,Victim shared OTP with caller impersonating bank support; funds transferred.,23.02187,72.57284,no,,
CMP-2023-0639,2023-11-09 13:46:49,Jaipur,SIM Swap,062457e7d908329f,HDFC551313,SIM swapped without consent; OTPs intercepted and account emptied.,27.02644,75.67304,no,,
CMP-2024-0640,2024-02-12 15:32:29,Ahmedabad,OTP Scam,e66dd593ff4ed38a,HDFC285460,Victim shared OTP with caller impersonating bank support; funds transferred.,23.0395,72.67951,yes,ATM-0362,2024-02-13 03:21:36
CMP-2021-0641,2021-08-01 14:56:09,Hyderabad,Loan Fraud,1d4f4b9b1a48f77b,ICICI696487,Fraudulent loan approved in victim's name; money diverted to mule account.,17.43751,78.53472,no,,
CMP-2022-0642,2022-06-07 17:06:10,Ahmedabad,SIM Swap,650fe7dbd8466b9c,CNRB158444,SIM swapped without consent; OTPs intercepted and account emptied.,22.98992,72.56981,no,,
CMP-2022-0643,2022-09-13 17:09:21,Kolkata,Lottery Scam,92f776412ba9c629,HDFC129514,Victim paid processing fee for fake lottery winnings and lost money.,22.59974,88.25236,yes,ATM-0380,2022-09-15 11:12:05
CMP-2023-0644,2023-08-04 12:57:44,Surat,KYC Fraud,0d3c978bcd6d61f4,ICICI548945,Fraudster posing as bank official updated KYC and drained the account.,21.12374,72.78831,yes,ATM-0339,2023-08-05 06:32:48
CMP-2020-0645,2020-05-29 01:22:04,Hyderabad,Investment Scam,117d7bcfdcee1c02,ICICI419723,Victim lured into fake crypto/stock investment platform and lost deposits.,17.26934,78.38763,no,,
CMP-2019-0646,2019-03-23 21:27:53,Surat,Loan Fraud,0671bfb5f8026da3,CNRB541631,Fraudulent loan approved in victim's name; money diverted to mule account.,21.10019,72.88989,no,,
CMP-2024-0647,2024-11-29 19:27:18,Pune,Investment Scam,69da880692b17e25,KOTAK700350,Victim lured into fake crypto/stock investment platform and lost deposits.,18.39972,73.85321,no,,
CMP-2020-0648,2020-03-27 03:28:58,Ahmedabad,SIM Swap,c862a9e890fd52f7,KOTAK274721,SIM swapped without consent; OTPs intercepted and account emptied.,23.05695,72.5304,yes,ATM-0255,2020-03-29 01:14:05
CMP-2024-0649,2024-11-04 06:27:22,Mumbai,SIM Swap,82f4bdfe46c8f0f8,PNB378035,SIM swapped without consent; OTPs intercepted and account emptied.,18.94026,73.02657,yes,ATM-0116,2024-11-06 03:25:32
CMP-2024-0650,2024-09-29 20:22:22,Coimbatore,Investment Scam,756dcd1d8038606b,UNION453200,Victim lured into fake crypto/stock investment platform and lost deposits.,10.94881,76.97573,no,,
CMP-2021-0651,2021-07-24 18:56:10,Kolkata,UPI Fraud,8aa324e6c26afa3d,PNB629152,Unauthorized UPI transaction initiated from victim's account via social engineering.,22.66384,88.34377,no,,
CMP-2020-0652,2020-03-14 08:50:53,Pune,Lottery Scam,ee1160379a5a8fd1,CNRB575244,Victim paid processing fee for fake lottery winnings and lost money.,18.57187,73.87097,no,,
CMP-2022-0653,2022-10-07 14:32:44,Jaipur,Credit Card Fraud,73bc8d082fcbc913,BOB323297,Card details skimmed online; multiple unauthorized international charges.,26.96064,75.88447,no,,
CMP-2020-0654,2020-08-10 01:08:39,Surat,SIM Swap,af9631068d2564c5,UNION994199,SIM swapped without consent; OTPs intercepted and account emptied.,21.25094,72.81122,no,,
CMP-2022-0655,2022-10-05 05:28:02,Jaipur,Debit Card Fraud,5a97a42848470e98,BOB254920,Card cloned at compromised POS terminal; cash withdrawn from ATM.,26.83451,75.86123,no,,
CMP-2024-0656,2024-01-24 11:18:39,Pune,KYC Fraud,0abe93c76c75ed70,ICICI764721,Fraudster posing as bank official updated KYC and drained the account.,18.43147,73.83043,no,,
CMP-2022-0657,2022-11-16 11:30:24,Hyderabad,Investment Scam,53bcfab1bbb0e3a9,YESB350067,Victim lured into fake crypto/stock investment platform and lost deposits.,17.26907,78.39427,yes,ATM-0159,2022-11-17 20:55:35
CMP-2022-0658,2022-05-11 13:50:18,Pune,Loan Fraud,03099ed5f816f84d,HDFC311802,Fraudulent loan approved in victim's name; money diverted to mule account.,18.41821,73.74763,yes,ATM-0143,2022-05-13 13:15:45
CMP-2020-0659,2020-01-21 14:00:24,Patna,Phishing,805386dd3177daff,BOB920231,Victim received fraudulent email/SMS posing as bank and disclosed credentials.,25.45007,85.24548,yes,ATM-0309,2020-01-22 11:27:41
CMP-2019-0660,2019-05-20 07:22:47,Pune,KYC Fraud,db0a5b793f51cc6d,ICICI516174,Fraudster posing as bank official updated KYC and drained the account.,18.65335,73.92397,yes,ATM-0058,2019-05-22 00:29:24
CMP-2022-0661,2022-01-01 01:04:07,Mumbai,SIM Swap,d6a0f0e54ff9b17b,UNION912767,SIM swapped without consent; OTPs intercepted and account emptied.,19.20547,72.80324,no,,
CMP-2020-0662,2020-06-05 15:02:00,Mumbai,KYC Fraud,8d5789c82cac069a,UNION873048,Fraudster posing as bank official updated KYC and drained the account.,19.04299,72.95221,yes,ATM-0217,2020-06-06 06:43:47
CMP-2019-0663,2019-08-23 00:42:29,Bengaluru,Lottery Scam,ceaf55f5938ce944,YESB366659,Victim paid processing fee for fake lottery winnings and lost money.,13.08047,77.46138,no,,
CMP-2023-0664,2023-03-13 20:41:55,Mumbai,KYC Fraud,69d04deba8416e4a,YESB597920,Fraudster posing as bank official updated KYC and drained the account.,19.13082,73.01669,no,,
CMP-2024-0665,2024-08-14 21:45:03,Kolkata,OTP Scam,084add5873e9c55a,KOTAK961264,Victim shared OTP with caller impersonating bank support; funds transferred.,22.51505,88.40752,no,,
CMP-2019-0666,2019-03-18 06:25:08,Coimbatore,Phishing,40c9891dcebbbc85,AXIS365271,Victim received fraudulent email/SMS posing as bank and disclosed credentials.,11.03262,76.89858,no,,
CMP-2021-0667,2021-03-06 00:22:20,Madurai,UPI Fraud,29349ed2d1126ed6,AXIS999308,Unauthorized UPI transaction initiated from victim's account via social engineering.,9.90792,77.97216,no,,
CMP-2024-0668,2024-07-25 04:02:56,Indore,Lottery Scam,f2c11e962a5ae128,ICICI962671,Victim paid processing fee for fake lottery winnings and lost money.,22.7966,75.79693,no,,
CMP-2019-0669,2019-12-18 01:23:19,Ahmedabad,KYC Fraud,bacb3eee8b8ddd35,YESB927659,Fraudster posing as bank official updated KYC and drained the account.,22.88266,72.68133,no,,
CMP-2024-0670,2024-08-22 15:00:40,Ahmedabad,Loan Fraud,d0067a09fd8a47b1,YESB960085,Fraudulent loan approved in victim's name; money diverted to mule account.,22.90262,72.4695,yes,ATM-0034,2024-08-23 16:20:41
CMP-2022-0671,2022-08-12 05:39:52,Patna,SIM Swap,8c45ea445faf5088,KOTAK575279,SIM swapped without consent; OTPs intercepted and account emptied.,25.65266,85.21619,no,,
CMP-2020-0672,2020-02-07 13:45:51,Ahmedabad,Credit Card Fraud,bfaececf86277179,YESB309794,Card details skimmed online; multiple unauthorized international charges.,23.06099,72.51552,yes,ATM-0081,2020-02-08 07:44:08
CMP-2023-0673,2023-04-13 10:02:46,Madurai,Credit Card Fraud,574a88bc7bac597d,YESB931145,Card details skimmed online; multiple unauthorized international charges.,10.05703,78.10525,no,,
CMP-2019-0674,2019-10-20 12:28:45,Delhi,Investment Scam,db55be64a71273b4,KOTAK938366,Victim lured into fake crypto/stock investment platform and lost deposits.,28.63864,76.97782,yes,ATM-0202,2019-10-23 03:34:46
CMP-2024-0675,2024-08-31 23:06:36,Indore,Investment Scam,6e901a040a0bb3c2,HDFC124085,Victim lured into fake crypto/stock investment platform and lost deposits.,22.84653,75.90183,no,,
CMP-2024-0676,2024-06-09 21:31:33,Ahmedabad,Debit Card Fraud,98e6e556e0df05df,SBIN152201,Card cloned at compromised POS terminal; cash withdrawn from ATM.,22.99281,72.55007,yes,ATM-0046,2024-06-12 18:30:15
CMP-2020-0677,2020-01-08 17:44:30,Lucknow,UPI Fraud,e968bf2a5232faaf,CNRB556297,Unauthorized UPI transaction initiated from victim's account via social engineering.,26.92871,81.07469,no,,
CMP-2021-0678,2021-12-18 16:19:57,Bengaluru,Debit Card Fraud,145715f3535dff9c,PNB401950,Card cloned at compromised POS terminal; cash withdrawn from ATM.,13.04553,77.55922,yes,ATM-0106,2021-12-20 11:32:18
CMP-2024-0679,2024-12-20 11:59:18,Hyderabad,Debit Card Fraud,f8c702c5a7079152,SBIN528368,Card cloned at compromised POS terminal; cash withdrawn from ATM.,17.47274,78.34533,no,,
CMP-2020-0680,2020-05-30 22:46:34,Ahmedabad,Debit Card Fraud,38be543814a0c91b,UNION817506,Card cloned at compromised POS terminal; cash withdrawn from ATM.,23.06667,72.44712,no,,
CMP-2024-0681,2024-03-24 07:59:01,Coimbatore,Loan Fraud,019634627de8acc0,AXIS847986,Fraudulent loan approved in victim's name; money diverted to mule account.,10.98185,76.93279,no,,
CMP-2019-0682,2019-06-10 01:33:23,Jaipur,Phishing,d0a67e18807777f3,KOTAK346249,Victim received fraudulent email/SMS posing as bank and disclosed credentials.,26.90368,75.74359,no,,
CMP-2023-0683,2023-01-09 16:54:09,Madurai,Investment Scam,6df03fe57844c771,HDFC105621,Victim lured into fake crypto/stock investment platform and lost deposits.,9.8513,78.1557,yes,ATM-0203,2023-01-11 17:14:00
CMP-2019-0684,2019-10-17 17:36:58,Indore,SIM Swap,a88b617e3bfb789a,UNION288085,SIM swapped without consent; OTPs intercepted and account emptied.,22.64769,75.85882,no,,
CMP-2024-0685,2024-04-07 11:19:22,Delhi,UPI Fraud,ca713819e85fa086,CNRB553959,Unauthorized UPI transaction initiated from victim's account via social engineering.,28.59664,76.98755,yes,ATM-0066,2024-04-08 23:15:57
CMP-2024-0686,2024-11-02 15:45:59,Hyderabad,KYC Fraud,b0588d9d4242559d,PNB376002,Fraudster posing as bank official updated KYC and drained the account.,17.41888,78.56517,yes,ATM-0161,2024-11-03 23:08:32
CMP-2019-0687,2019-12-28 11:30:32,Coimbatore,OTP Scam,19082de07c90553b,SBIN682667,Victim shared OTP with caller impersonating bank support; funds transferred.,11.12271,77.00303,no,,
CMP-2019-0688,2019-04-27 14:38:07,Delhi,Phishing,51fe0d80c3a1488a,SBIN137604,Victim received fraudulent email/SMS posing as bank and disclosed credentials.,28.69517,77.00157,no,,
CMP-2019-0689,2019-09-12 05:00:30,Indore,OTP Scam,272697dc833469ce,BOB473838,Victim shared OTP with caller impersonating bank support; funds transferred.,22.86625,75.87596,no,,
CMP-2019-0690,2019-09-04 11:13:14,Coimbatore,Credit Card Fraud,dbc9b68afe0c2004,KOTAK198123,Card details skimmed online; multiple unauthorized international charges.,10.92792,76.89103,no,,
CMP-2023-0691,2023-07-02 02:40:07,Patna,Lottery Scam,4547e9bed60cb3bd,UNION322713,Victim paid processing fee for fake lottery winnings and lost money.,25.61916,85.27909,no,,
CMP-2022-0692,2022-06-04 14:18:22,Pune,UPI Fraud,398f781d5ce99a5a,BOB809790,Unauthorized UPI transaction initiated from victim's account via social engineering.,18.39869,73.8053,yes,ATM-0349,2022-06-04 23:05:22
CMP-2021-0693,2021-03-29 11:11:24,Indore,UPI Fraud,044769ed700acbce,KOTAK261245,Unauthorized UPI transaction initiated from victim's account via social engineering.,22.57826,75.84577,no,,
CMP-2021-0694,2021-11-17 08:42:00,Surat,Lottery Scam,76a82eb2ba0e094c,HDFC445429,Victim paid processing fee for fake lottery winnings and lost money.,21.31113,72.87795,no,,
CMP-2020-0695,2020-12-12 21:21:17,Coimbatore,Investment Scam,9d77122a6a56b82b,AXIS151047,Victim lured into fake crypto/stock investment platform and lost deposits.,11.10727,76.89069,no,,
CMP-2023-0696,2023-06-18 15:58:43,Jaipur,Investment Scam,09236de11f3fdb0c,ICICI518233,Victim lured into fake crypto/stock investment platform and lost deposits.,26.83895,75.70932,no,,
CMP-2021-0697,2021-05-24 00:39:54,Chennai,Debit Card Fraud,18c6572402ea2c9a,YESB917357,Card cloned at compromised POS terminal; cash withdrawn from ATM.,13.05342,80.31485,no,,
CMP-2019-0698,2019-12-04 17:01:01,Hyderabad,OTP Scam,432893367e011dc4,YESB871635,Victim shared OTP with caller impersonating bank support; funds transferred.,17.47691,78.42973,no,,
CMP-2019-0699,2019-10-15 15:34:41,Surat,UPI Fraud,59244299f48f9117,KOTAK637555,Unauthorized UPI transaction initiated from victim's account via social engineering.,21.08016,72.81473,yes,ATM-0138,2019-10-17 08:07:05
CMP-2021-0700,2021-07-15 22:44:36,Madurai,Loan Fraud,b179016119f0d8e8,KOTAK743687,Fraudulent loan approved in victim's name; money diverted to mule account.,9.83111,78.15901,yes,ATM-0263,2021-07-16 23:20:56
CMP-2021-0701,2021-10-12 13:59:31,Bengaluru,Credit Card Fraud,c9deb7bde07870ce,CNRB760141,Card details skimmed online; multiple unauthorized international charges.,13.01577,77.46979,no,,
CMP-2019-0702,2019-06-23 11:45:56,Madurai,OTP Scam,be1d18fdccb3ce8c,SBIN233997,Victim shared OTP with caller impersonating bank support; funds transferred.,9.98049,78.05992,yes,ATM-0219,2019-06-24 09:02:25
CMP-2019-0703,2019-04-15 13:44:36,Mumbai,Phishing,c3a766c385335db3,ICICI635456,Victim received fraudulent email/SMS posing as bank and disclosed credentials.,19.05347,72.75605,no,,
CMP-2022-0704,2022-05-30 12:51:29,Hyderabad,KYC Fraud,b658d73e9b4af1b6,UNION185741,Fraudster posing as bank official updated KYC and drained the account.,17.46559,78.34158,no,,
CMP-2021-0705,2021-10-11 04:01:34,Madurai,Credit Card Fraud,6e0e8cbd50039fda,HDFC187336,Card details skimmed online; multiple unauthorized international charges.,9.90008,78.18111,yes,ATM-0371,2021-10-12 12:47:10
CMP-2023-0706,2023-01-08 12:56:41,Lucknow,Lottery Scam,75998c25f09412ef,SBIN321321,Victim paid processing fee for fake lottery winnings and lost money.,26.75223,81.02031,no,,
CMP-2024-0707,2024-03-24 17:02:41,Mumbai,Loan Fraud,e0818f3f299db8b2,HDFC106131,Fraudulent loan approved in victim's name; money diverted to mule account.,19.04448,72.73169,no,,
CMP-2021-0708,2021-10-05 05:12:43,Pune,Investment Scam,42598cfc18b62112,BOB417508,Victim lured into fake crypto/stock investment platform and lost deposits.,18.55595,73.99888,yes,ATM-0345,2021-10-08 02:33:29
CMP-2023-0709,2023-01-19 03:34:43,Madurai,Lottery Scam,333f7001008249ab,SBIN241677,Victim paid processing fee for fake lottery winnings and lost money.,9.77936,78.00337,yes,ATM-0097,2023-01-21 17:25:39
CMP-2020-0710,2020-04-03 10:07:22,Surat,Credit Card Fraud,b2650819d336b3b4,AXIS556957,Card details skimmed online; multiple unauthorized international charges.,21.27283,72.93856,no,,
CMP-2019-0711,2019-07-08 15:08:35,Madurai,OTP Scam,4359f928146b11d8,BOB542372,Victim shared OTP with caller impersonating bank support; funds transferred.,9.78175,78.01963,yes,ATM-0360,2019-07-09 23:12:08
CMP-2021-0712,2021-11-28 17:42:10,Chennai,OTP Scam,044aed9b81e9ecf3,AXIS311118,Victim shared OTP with caller impersonating bank support; funds transferred.,13.02115,80.36954,yes,ATM-0171,2021-11-28 18:16:11
CMP-2022-0713,2022-10-13 05:28:23,Coimbatore,Loan Fraud,a5bc68e013ad3223,BOB872882,Fraudulent loan approved in victim's name; money diverted to mule account.,11.0404,77.02512,no,,
CMP-2019-0714,2019-03-23 02:30:47,Pune,OTP Scam,7bfa7136db672b6f,UNION859813,Victim shared OTP with caller impersonating bank support; funds transferred.,18.55385,73.9103,no,,
CMP-2021-0715,2021-12-04 23:48:44,Coimbatore,Phishing,f2274494664c3390,HDFC542503,Victim received fraudulent email/SMS posing as bank and disclosed credentials.,11.03972,76.97178,yes,ATM-0332,2021-12-06 05:50:46
CMP-2021-0716,2021-11-03 02:00:14,Ahmedabad,Investment Scam,9a2a221bca85ef40,KOTAK570103,Victim lured into fake crypto/stock investment platform and lost deposits.,23.08175,72.42764,yes,ATM-0099,2021-11-04 11:47:21
CMP-2021-0717,2021-08-17 21:36:44,Jaipur,Debit Card Fraud,c3a7686fc8f20eb0,KOTAK731347,Card cloned at compromised POS terminal; cash withdrawn from ATM.,27.01844,75.85186,no,,
CMP-2024-0718,2024-04-19 00:47:22,Coimbatore,Loan Fraud,e1aeb3dddc95d9fb,KOTAK934637,Fraudulent loan approved in victim's name; money diverted to mule account.,11.0085,77.09708,yes,ATM-0107,2024-04-19 21:07:35
CMP-2023-0719,2023-06-30 14:47:17,Surat,OTP Scam,186c5240ba959c48,SBIN309174,Victim shared OTP with caller impersonating bank support; funds transferred.,21.06709,72.82876,no,,
CMP-2024-0720,2024-08-28 05:35:17,Ahmedabad,Lottery Scam,722db2d566fbd606,AXIS683879,Victim paid processing fee for fake lottery winnings and lost money.,22.88661,72.42684,no,,
CMP-2021-0721,2021-02-21 06:47:42,Delhi,Credit Card Fraud,89f9848059635c94,CNRB133522,Card details skimmed online; multiple unauthorized international charges.,28.79614,77.05382,yes,ATM-0117,2021-02-21 15:29:04
CMP-2020-0722,2020-05-05 23:50:42,Hyderabad,KYC Fraud,3d105748025d3435,KOTAK906747,Fraudster posing as bank official updated KYC and drained the account.,17.249,78.60001,yes,ATM-0078,2020-05-08 13:17:25
CMP-2024-0723,2024-03-29 06:24:48,Lucknow,UPI Fraud,1d44e6c8b9fd475c,HDFC559094,Unauthorized UPI transaction initiated from victim's account via social engineering.,26.9364,81.08499,no,,
CMP-2024-0724,2024-11-05 11:30:31,Madurai,Investment Scam,a0c87ad844c37a1a,ICICI963617,Victim lured into fake crypto/stock investment platform and lost deposits.,9.94394,78.12199,yes,ATM-0061,2024-11-08 02:12:40
CMP-2024-0725,2024-06-18 23:16:32,Delhi,Lottery Scam,e5188b10f1817b44,BOB898977,Victim paid processing fee for fake lottery winnings and lost money.,28.70587,77.17227,yes,ATM-0332,2024-06-20 01:27:53
CMP-2023-0726,2023-11-30 18:45:02,Mumbai,Debit Card Fraud,aaa416b952a4ffd6,YESB906584,Card cloned at compromised POS terminal; cash withdrawn from ATM.,19.15671,72.80129,no,,
CMP-2021-0727,2021-01-17 19:58:28,Jaipur,Credit Card Fraud,7ec4439f698443f3,PNB490527,Card details skimmed online; multiple unauthorized international charges.,26.97696,75.7618,no,,
CMP-2020-0728,2020-06-21 18:48:36,Madurai,SIM Swap,0e7522f75109e20d,AXIS244697,SIM swapped without consent; OTPs intercepted and account emptied.,10.01573,78.09382,yes,ATM-0235,2020-06-24 15:20:33
CMP-2022-0729,2022-02-04 21:30:35,Surat,KYC Fraud,575b6ec18fe09575,BOB252656,Fraudster posing as bank official updated KYC and drained the account.,21.25125,72.89639,no,,
CMP-2019-0730,2019-06-02 10:51:26,Kolkata,KYC Fraud,fb1f885db697058e,SBIN555157,Fraudster posing as bank official updated KYC and drained the account.,22.44104,88.44166,no,,
CMP-2022-0731,2022-11-06 10:50:06,Indore,Investment Scam,efe12fe182e441da,CNRB410089,Victim lured into fake crypto/stock investment platform and lost deposits.,22.69539,75.97343,no,,
CMP-2024-0732,2024-03-28 22:33:43,Coimbatore,KYC Fraud,8c5f7be9f9df1296,HDFC967176,Fraudster posing as bank official updated KYC and drained the account.,10.95073,76.96414,no,,
CMP-2023-0733,2023-03-15 08:18:56,Ahmedabad,Debit Card Fraud,acba9d64d15cfcc3,UNION926636,Card cloned at compromised POS terminal; cash withdrawn from ATM.,23.05796,72.55404,yes,ATM-0333,2023-03-16 13:26:24
CMP-2020-0734,2020-03-08 06:35:59,Hyderabad,UPI Fraud,67abd957e67d4dca,CNRB450741,Unauthorized UPI transaction initiated from victim's account via social engineering.,17.352,78.55236,no,,
CMP-2022-0735,2022-02-14 08:22:43,Jaipur,Lottery Scam,065166440f75b21e,ICICI636526,Victim paid processing fee for fake lottery winnings and lost money.,26.92794,75.7937,no,,
CMP-2019-0736,2019-12-17 14:52:39,Chennai,SIM Swap,4a92fc32e4d0a2d1,PNB353063,SIM swapped without consent; OTPs intercepted and account emptied.,13.18237,80.21188,yes,ATM-0259,2019-12-17 22:49:46
CMP-2019-0737,2019-05-12 08:11:12,Kolkata,Lottery Scam,169537369e62a1ec,CNRB471692,Victim paid processing fee for fake lottery winnings and lost money.,22.45974,88.44087,no,,
CMP-2021-0738,2021-09-10 04:22:49,Lucknow,Phishing,cbde9db44f8b6e08,KOTAK347565,Victim received fraudulent email/SMS posing as bank and disclosed credentials.,26.93832,81.0929,no,,
CMP-2024-0739,2024-05-13 11:54:59,Surat,SIM Swap,29dee30bceb99b20,AXIS467355,SIM swapped without consent; OTPs intercepted and account emptied.,21.10996,72.88118,no,,
CMP-2022-0740,2022-06-08 22:18:48,Delhi,Loan Fraud,371ab0a27d25b197,AXIS210338,Fraudulent loan approved in victim's name; money diverted to mule account.,28.65245,77.12721,no,,
CMP-2021-0741,2021-03-02 12:53:31,Mumbai,Credit Card Fraud,87f8e74c17aa0e01,YESB968679,Card details skimmed online; multiple unauthorized international charges.,19.04962,72.75537,yes,ATM-0067,2021-03-03 23:10:55
CMP-2021-0742,2021-09-04 13:05:32,Kolkata,SIM Swap,e10d0ff52b175f97,UNION686120,SIM swapped without consent; OTPs intercepted and account emptied.,22.57828,88.33233,yes,ATM-0256,2021-09-06 10:55:03
CMP-2024-0743,2024-12-23 08:34:30,Coimbatore,OTP Scam,79e98e113b39e339,YESB963829,Victim shared OTP with caller impersonating bank support; funds transferred.,10.91565,76.95754,no,,
CMP-2021-0744,2021-09-29 20:22:11,Coimbatore,SIM Swap,da23fb60d4cfdcc9,ICICI828205,SIM swapped without consent; OTPs intercepted and account emptied.,10.93059,76.94781,no,,
CMP-2024-0745,2024-08-30 10:57:13,Kolkata,UPI Fraud,bd46492d2c09fb01,YESB215695,Unauthorized UPI transaction initiated from victim's account via social engineering.,22.45886,88.38543,yes,ATM-0079,2024-08-30 19:25:52
CMP-2020-0746,2020-10-30 02:09:17,Kolkata,Lottery Scam,382b2b9ad66cdecc,BOB129336,Victim paid processing fee for fake lottery winnings and lost money.,22.65996,88.25654,no,,
CMP-2019-0747,2019-04-17 14:15:59,Indore,Lottery Scam,7863af58f9e512b7,AXIS291970,Victim paid processing fee for fake lottery winnings and lost money.,22.81534,75.85434,yes,ATM-0179,2019-04-17 19:07:52
CMP-2019-0748,2019-04-08 21:34:59,Ahmedabad,Investment Scam,a09e12516de020d1,UNION574348,Victim lured into fake crypto/stock investment platform and lost deposits.,23.14259,72.6558,no,,
CMP-2023-0749,2023-04-27 14:14:28,Lucknow,Credit Card Fraud,608b65b4ff8f340c,SBIN629283,Card details skimmed online; multiple unauthorized international charges.,26.88764,81.0247,no,,
CMP-2019-0750,2019-11-23 10:06:02,Coimbatore,KYC Fraud,13e88cb57c4fc702,UNION796781,Fraudster posing as bank official updated KYC and drained the account.,11.05388,76.92197,no,,
CMP-2021-0751,2021-01-12 17:51:52,Chennai,OTP Scam,9de6f486c422e1ef,PNB777292,Victim shared OTP with caller impersonating bank support; funds transferred.,12.95926,80.17038,yes,ATM-0323,2021-01-15 03:11:17
CMP-2023-0752,2023-03-30 21:51:39,Jaipur,UPI Fraud,1ab504a50b8fef8e,CNRB189288,Unauthorized UPI transaction initiated from victim's account via social engineering.,26.82013,75.82291,no,,
CMP-2019-0753,2019-04-26 20:20:48,Lucknow,SIM Swap,f7bb2934ef90dfa6,BOB627054,SIM swapped without consent; OTPs intercepted and account emptied.,26.96576,80.83228,no,,
CMP-2020-0754,2020-01-29 19:37:37,Chennai,Lottery Scam,be9c6202f690c93c,AXIS357201,Victim paid processing fee for fake lottery winnings and lost money.,13.18161,80.37238,no,,
CMP-2019-0755,2019-07-05 11:07:39,Jaipur,Investment Scam,74b80fb744eefbb5,YESB717499,Victim lured into fake crypto/stock investment platform and lost deposits.,26.7759,75.89589,yes,ATM-0224,2019-07-06 00:07:26
CMP-2019-0756,2019-02-22 17:00:36,Jaipur,KYC Fraud,0fb6628ddfea1538,PNB195446,Fraudster posing as bank official updated KYC and drained the account.,26.79679,75.6671,yes,ATM-0074,2019-02-23 06:09:44
CMP-2023-0757,2023-08-11 08:32:02,Delhi,Lottery Scam,fbc645a1b4a9dd4c,SBIN161775,Victim paid processing fee for fake lottery winnings and lost money.,28.73844,77.05009,yes,ATM-0030,2023-08-12 05:59:29
CMP-2019-0758,2019-08-05 08:21:57,Delhi,Loan Fraud,f8aeaaea0db79b99,PNB493754,Fraudulent loan approved in victim's name; money diverted to mule account.,28.83657,77.22235,yes,ATM-0123,2019-08-07 14:31:10
CMP-2022-0759,2022-07-07 23:45:10,Ahmedabad,SIM Swap,eed7d92bbacb8f96,CNRB503752,SIM swapped without consent; OTPs intercepted and account emptied.,23.15731,72.50219,yes,ATM-0284,2022-07-09 05:03:44
CMP-2021-0760,2021-11-26 19:40:28,Pune,Debit Card Fraud,52da6ba0058ba22b,PNB680990,Card cloned at compromised POS terminal; cash withdrawn from ATM.,18.65944,73.90923,yes,ATM-0285,2021-11-28 18:35:10
CMP-2019-0761,2019-10-03 03:02:36,Lucknow,Loan Fraud,2a802dfd945ab637,ICICI987386,Fraudulent loan approved in victim's name; money diverted to mule account.,26.88744,80.85724,no,,
CMP-2021-0762,2021-03-28 21:52:54,Delhi,Debit Card Fraud,0b2247081861e588,YESB682119,Card cloned at compromised POS terminal; cash withdrawn from ATM.,28.68962,76.9528,no,,
CMP-2023-0763,2023-12-23 03:41:09,Hyderabad,Credit Card Fraud,614976f2dbe53f1b,HDFC605608,Card details skimmed online; multiple unauthorized international charges.,17.31699,78.41197,no,,
CMP-2024-0764,2024-12-29 08:08:03,Patna,Debit Card Fraud,658e7cd9cc71b5eb,CNRB394976,Card cloned at compromised POS terminal; cash withdrawn from ATM.,25.45775,85.20935,no,,
CMP-2020-0765,2020-10-20 16:46:00,Pune,UPI Fraud,8c5ee69c921635a8,SBIN860294,Unauthorized UPI transaction initiated from victim's account via social engineering.,18.53734,73.79054,yes,ATM-0313,2020-10-22 05:06:50
CMP-2023-0766,2023-10-24 07:20:30,Indore,KYC Fraud,c177d57c66c56ac8,PNB889256,Fraudster posing as bank official updated KYC and drained the account.,22.78193,75.7896,no,,
CMP-2020-0767,2020-12-05 17:01:32,Bengaluru,OTP Scam,c691d735a0aff781,KOTAK116645,Victim shared OTP with caller impersonating bank support; funds transferred.,13.09581,77.48472,no,,
CMP-2022-0768,2022-08-26 20:26:32,Chennai,Phishing,ee9fb3d5dec4c53a,SBIN533232,Victim received fraudulent email/SMS posing as bank and disclosed credentials.,13.09944,80.32965,no,,
CMP-2021-0769,2021-05-10 14:31:34,Mumbai,UPI Fraud,e194c21f3713ab0a,HDFC972503,Unauthorized UPI transaction initiated from victim's account via social engineering.,19.17082,72.86125,yes,ATM-0193,2021-05-13 02:06:13
CMP-2021-0770,2021-02-23 07:16:13,Delhi,Phishing,8552335b672385d8,BOB488477,Victim received fraudulent email/SMS posing as bank and disclosed credentials.,28.83497,77.08587,yes,ATM-0011,2021-02-25 13:52:36
CMP-2023-0771,2023-01-31 02:16:12,Coimbatore,KYC Fraud,6d71a73ae526579d,ICICI955932,Fraudster posing as bank official updated KYC and drained the account.,11.05083,76.89675,no,,
CMP-2020-0772,2020-05-28 06:13:10,Ahmedabad,KYC Fraud,4cf3ad553623c100,PNB616777,Fraudster posing as bank official updated KYC and drained the account.,23.14385,72.63349,yes,ATM-0101,2020-05-31 05:05:12
CMP-2022-0773,2022-10-30 19:31:26,Mumbai,Lottery Scam,d0c5ba722f9de04f,CNRB618008,Victim paid processing fee for fake lottery winnings and lost money.,18.97714,72.78583,no,,
CMP-2023-0774,2023-01-12 17:40:44,Lucknow,Investment Scam,027a8a7795503574,ICICI716735,Victim lured into fake crypto/stock investment platform and lost deposits.,26.73517,80.81571,yes,ATM-0292,2023-01-15 07:16:24
CMP-2024-0775,2024-04-14 06:39:59,Coimbatore,Lottery Scam,d0811f23fa266ec7,HDFC826648,Victim paid processing fee for fake lottery winnings and lost money.,11.07012,76.99014,no,,
CMP-2024-0776,2024-04-18 21:01:55,Chennai,Loan Fraud,1f0a80dfb3aa933f,HDFC995336,Fraudulent loan approved in victim's name; money diverted to mule account.,13.21433,80.25046,no,,
CMP-2020-0777,2020-08-23 09:53:16,Surat,SIM Swap,f5d31c882c902187,BOB479030,SIM swapped without consent; OTPs intercepted and account emptied.,21.17538,72.69414,no,,
CMP-2019-0778,2019-04-13 21:35:20,Indore,Loan Fraud,5b7bedfd28ad3071,BOB431603,Fraudulent loan approved in victim's name; money diverted to mule account.,22.57115,75.76608,yes,ATM-0293,2019-04-16 07:44:29
CMP-2024-0779,2024-12-09 16:04:33,Bengaluru,Loan Fraud,c77325e9fdbf7ac6,AXIS306440,Fraudulent loan approved in victim's name; money diverted to mule account.,12.87094,77.53784,no,,
CMP-2019-0780,2019-07-31 22:14:42,Ahmedabad,Loan Fraud,cc5341b10d5219bc,HDFC721313,Fraudulent loan approved in victim's name; money diverted to mule account.,23.11167,72.70192,no,,
CMP-2020-0781,2020-06-25 12:19:23,Ahmedabad,Debit Card Fraud,044782c72faecbbf,HDFC961545,Card cloned at compromised POS terminal; cash withdrawn from ATM.,22.97258,72.65963,no,,
CMP-2023-0782,2023-08-27 16:00:36,Lucknow,OTP Scam,7bca0235dd40f2f8,ICICI755725,Victim shared OTP with caller impersonating bank support; funds transferred.,26.83064,80.83365,no,,
CMP-2024-0783,2024-07-01 12:30:31,Pune,KYC Fraud,955507c2b11ef217,ICICI920664,Fraudster posing as bank official updated KYC and drained the account.,18.40866,73.98243,yes,ATM-0155,2024-07-03 08:28:55
CMP-2021-0784,2021-08-04 03:49:17,Mumbai,Phishing,b4115140e5fe0322,HDFC409242,Victim received fraudulent email/SMS posing as bank and disclosed credentials.,19.18098,72.8482,no,,
CMP-2021-0785,2021-06-19 17:42:11,Patna,Investment Scam,a1025ae1eab816c2,UNION111121,Victim lured into fake crypto/stock investment platform and lost deposits.,25.58012,85.12686,yes,ATM-0318,2021-06-21 14:17:16
CMP-2021-0786,2021-01-14 02:23:33,Surat,Phishing,ac0320d5f50d0f41,CNRB444136,Victim received fraudulent email/SMS posing as bank and disclosed credentials.,21.19654,72.7135,yes,ATM-0366,2021-01-14 07:15:21
CMP-2023-0787,2023-09-26 14:40:23,Bengaluru,Investment Scam,a11c3781a1e45df8,CNRB368735,Victim lured into fake crypto/stock investment platform and lost deposits.,12.92822,77.58902,no,,
CMP-2020-0788,2020-02-12 08:35:47,Delhi,Phishing,4c07bc656418a00c,SBIN426806,Victim received fraudulent email/SMS posing as bank and disclosed credentials.,28.72946,77.10644,no,,
CMP-2021-0789,2021-02-22 19:35:29,Lucknow,SIM Swap,368882a73021cd10,SBIN254569,SIM swapped without consent; OTPs intercepted and account emptied.,26.83756,80.9772,yes,ATM-0005,2021-02-24 08:51:52
CMP-2022-0790,2022-12-11 23:16:37,Delhi,Phishing,f7f4b7c28d952078,CNRB958976,Victim received fraudulent email/SMS posing as bank and disclosed credentials.,28.80465,77.21011,yes,ATM-0101,2022-12-14 21:35:09
CMP-2022-0791,2022-11-04 10:55:59,Bengaluru,UPI Fraud,f30c6deb075c17e0,AXIS800302,Unauthorized UPI transaction initiated from victim's account via social engineering.,12.96432,77.65215,no,,
CMP-2023-0792,2023-02-26 01:53:21,Patna,Investment Scam,b69e1fafbb36bbbd,KOTAK746030,Victim lured into fake crypto/stock investment platform and lost deposits.,25.53399,85.08619,yes,ATM-0022,2023-02-27 13:35:46
CMP-2024-0793,2024-07-08 14:50:22,Surat,Debit Card Fraud,0fc166919e1ed37d,AXIS589199,Card cloned at compromised POS terminal; cash withdrawn from ATM.,21.20738,72.75281,no,,
CMP-2024-0794,2024-09-18 02:53:57,Kolkata,Loan Fraud,4e21a1b09f1da745,YESB293194,Fraudulent loan approved in victim's name; money diverted to mule account.,22.67043,88.21592,yes,ATM-0184,2024-09-18 05:03:38
CMP-2019-0795,2019-09-10 09:06:49,Hyderabad,OTP Scam,0ce0927b4a76fed0,UNION902719,Victim shared OTP with caller impersonating bank support; funds transferred.,17.34297,78.62929,yes,ATM-0146,2019-09-10 21:39:08
CMP-2024-0796,2024-04-23 20:56:20,Coimbatore,Credit Card Fraud,6119d7873a820fd2,CNRB357912,Card details skimmed online; multiple unauthorized international charges.,10.92036,76.81225,no,,
CMP-2024-0797,2024-06-18 05:33:51,Chennai,Credit Card Fraud,65a9e2981dbb4bf1,ICICI454820,Card details skimmed online; multiple unauthorized international charges.,13.21353,80.21222,yes,ATM-0191,2024-06-20 05:08:59
CMP-2024-0798,2024-08-24 02:02:59,Madurai,Investment Scam,18a78e57ac673d81,ICICI224249,Victim lured into fake crypto/stock investment platform and lost deposits.,9.81853,78.24705,no,,
CMP-2020-0799,2020-02-24 23:22:08,Pune,KYC Fraud,0050e2afff207775,UNION550405,Fraudster posing as bank official updated KYC and drained the account.,18.66349,73.78006,yes,ATM-0316,2020-02-26 17:39:23
CMP-2024-0800,2024-02-16 01:37:58,Hyderabad,Credit Card Fraud,4f6e5fc1b623205b,AXIS155846,Card details skimmed online; multiple unauthorized international charges.,17.42384,78.42072,yes,ATM-0261,2024-02-18 23:21:23
CMP-2024-0801,2024-04-24 20:42:36,Bengaluru,UPI Fraud,2ea569ca8a5be0dd,BOB929420,Unauthorized UPI transaction initiated from victim's account via social engineering.,13.02065,77.46406,no,,
CMP-2023-0802,2023-07-05 02:46:54,Surat,SIM Swap,e321c52d81965060,BOB644098,SIM swapped without consent; OTPs intercepted and account emptied.,21.15948,72.77765,yes,ATM-0356,2023-07-06 13:34:45
CMP-2024-0803,2024-09-25 01:15:26,Ahmedabad,Lottery Scam,2254eba5d2bdd95c,YESB769102,Victim paid processing fee for fake lottery winnings and lost money.,23.14886,72.59659,yes,ATM-0113,2024-09-27 17:41:21
CMP-2021-0804,2021-09-17 12:10:42,Bengaluru,Loan Fraud,5e30007b3ab4904a,PNB545668,Fraudulent loan approved in victim's name; money diverted to mule account.,13.08821,77.61601,no,,
CMP-2021-0805,2021-03-30 16:03:40,Jaipur,UPI Fraud,acbcc8a24dc8a7de,ICICI409380,Unauthorized UPI transaction initiated from victim's account via social engineering.,26.89575,75.74277,no,,
CMP-2021-0806,2021-10-16 08:52:10,Lucknow,KYC Fraud,4722a7a0bf884090,BOB590262,Fraudster posing as bank official updated KYC and drained the account.,26.82645,80.90645,no,,
CMP-2020-0807,2020-08-21 04:27:20,Chennai,Credit Card Fraud,250eefb0feb1654b,AXIS378527,Card details skimmed online; multiple unauthorized international charges.,13.12631,80.22843,yes,ATM-0257,2020-08-22 17:22:35
CMP-2022-0808,2022-11-11 05:55:22,Madurai,Lottery Scam,e9312d19fb0f6839,ICICI224348,Victim paid processing fee for fake lottery winnings and lost money.,9.7966,77.98128,yes,ATM-0101,2022-11-13 06:31:50
CMP-2020-0809,2020-07-01 19:14:35,Coimbatore,Lottery Scam,2545e91747fe9844,UNION244562,Victim paid processing fee for fake lottery winnings and lost money.,11.16632,77.03152,no,,
CMP-2024-0810,2024-06-22 00:43:22,Chennai,Lottery Scam,fbcccc3d1116ca5d,KOTAK921169,Victim paid processing fee for fake lottery winnings and lost money.,13.23175,80.40444,no,,
CMP-2023-0811,2023-07-19 08:28:28,Chennai,OTP Scam,68cff58df57a800d,CNRB898134,Victim shared OTP with caller impersonating bank support; funds transferred.,13.21815,80.38034,yes,ATM-0371,2023-07-21 14:24:45
CMP-2021-0812,2021-11-05 11:51:39,Jaipur,Investment Scam,0a1e15bf79e8f47e,CNRB894423,Victim lured into fake crypto/stock investment platform and lost deposits.,26.90302,75.88162,yes,ATM-0044,2021-11-06 10:24:08
CMP-2020-0813,2020-02-16 13:43:23,Madurai,Loan Fraud,6df30606d6e83b20,BOB571829,Fraudulent loan approved in victim's name; money diverted to mule account.,10.03108,77.97883,yes,ATM-0066,2020-02-17 11:43:27
CMP-2023-0814,2023-06-05 12:44:28,Ahmedabad,KYC Fraud,b501c3197621ebad,AXIS539507,Fraudster posing as bank official updated KYC and drained the account.,23.00022,72.64719,no,,
CMP-2023-0815,2023-02-21 22:13:49,Hyderabad,KYC Fraud,9c3b5710c45251df,HDFC695148,Fraudster posing as bank official updated KYC and drained the account.,17.47061,78.61334,yes,ATM-0170,2023-02-23 15:08:24
CMP-2023-0816,2023-10-17 22:16:53,Indore,Investment Scam,538ea02af7aaf510,YESB499841,Victim lured into fake crypto/stock investment platform and lost deposits.,22.63086,75.82489,no,,
CMP-2020-0817,2020-02-17 15:36:03,Mumbai,KYC Fraud,9d68d9432d935f1e,BOB770043,Fraudster posing as bank official updated KYC and drained the account.,19.19442,72.75567,yes,ATM-0284,2020-02-18 04:23:27
CMP-2023-0818,2023-12-16 19:21:08,Lucknow,OTP Scam,42f66d6119f97ad1,SBIN308665,Victim shared OTP with caller impersonating bank support; funds transferred.,26.71755,81.0851,yes,ATM-0120,2023-12-17 16:18:43
CMP-2022-0819,2022-02-22 22:49:24,Ahmedabad,Phishing,e016f82557cdc4ad,CNRB111583,Victim received fraudulent email/SMS posing as bank and disclosed credentials.,22.92405,72.67931,yes,ATM-0081,2022-02-25 22:04:27
CMP-2019-0820,2019-10-10 22:34:30,Pune,OTP Scam,25927a4eab6597ca,ICICI507888,Victim shared OTP with caller impersonating bank support; funds transferred.,18.65693,73.96641,yes,ATM-0106,2019-10-11 20:52:39
CMP-2023-0821,2023-11-28 00:14:55,Surat,OTP Scam,e62f1ca0a998d9c6,UNION703027,Victim shared OTP with caller impersonating bank support; funds transferred.,21.30195,72.85735,no,,
CMP-2023-0822,2023-02-09 11:24:44,Hyderabad,Debit Card Fraud,55a9fb28c0ae3906,SBIN567383,Card cloned at compromised POS terminal; cash withdrawn from ATM.,17.25419,78.45647,no,,
CMP-2022-0823,2022-02-26 03:38:18,Indore,Investment Scam,2cc5e550a39b108a,BOB585171,Victim lured into fake crypto/stock investment platform and lost deposits.,22.74244,75.92889,yes,ATM-0234,2022-02-27 04:36:24
CMP-2024-0824,2024-01-21 05:21:14,Madurai,Lottery Scam,4ba9761f5378e2ba,UNION963428,Victim paid processing fee for fake lottery winnings and lost money.,10.0182,78.02234,yes,ATM-0317,2024-01-23 10:08:51
CMP-2021-0825,2021-09-30 02:26:07,Indore,Credit Card Fraud,4246abad741cd72b,UNION200174,Card details skimmed online; multiple unauthorized international charges.,22.68767,75.99141,yes,ATM-0081,2021-09-30 22:08:50
CMP-2022-0826,2022-10-08 03:07:37,Hyderabad,UPI Fraud,95d4b03164f940e8,AXIS617459,Unauthorized UPI transaction initiated from victim's account via social engineering.,17.35838,78.56526,yes,ATM-0189,2022-10-08 08:38:15
CMP-2019-0827,2019-08-19 13:07:41,Madurai,KYC Fraud,5b71cad35a879152,BOB272846,Fraudster posing as bank official updated KYC and drained the account.,9.85103,78.12162,no,,
CMP-2019-0828,2019-06-10 08:54:42,Coimbatore,OTP Scam,c051d777058cfc7b,KOTAK882193,Victim shared OTP with caller impersonating bank support; funds transferred.,10.9866,76.86412,yes,ATM-0129,2019-06-10 17:10:08
CMP-2024-0829,2024-07-02 10:43:50,Kolkata,OTP Scam,0ef68c93b0a15e5b,BOB171551,Victim shared OTP with caller impersonating bank support; funds transferred.,22.44736,88.41101,no,,
CMP-2021-0830,2021-08-17 01:15:37,Ahmedabad,Lottery Scam,f581656c193ffc0c,SBIN979226,Victim paid processing fee for fake lottery winnings and lost money.,22.87792,72.45155,yes,ATM-0274,2021-08-19 06:38:40
CMP-2020-0831,2020-01-05 01:57:07,Surat,Phishing,9bd358e1b0672c20,PNB260952,Victim received fraudulent email/SMS posing as bank and disclosed credentials.,21.1524,72.73448,no,,
CMP-2024-0832,2024-05-09 21:05:25,Jaipur,Debit Card Fraud,3bb43a9dcc044dbb,HDFC977135,Card cloned at compromised POS terminal; cash withdrawn from ATM.,26.95284,75.79416,no,,
CMP-2022-0833,2022-12-17 03:33:53,Mumbai,Loan Fraud,e46aa138f8b6d456,PNB565553,Fraudulent loan approved in victim's name; money diverted to mule account.,18.94172,72.7291,no,,
CMP-2023-0834,2023-08-08 17:56:06,Indore,Debit Card Fraud,4e33d13867af386c,AXIS309700,Card cloned at compromised POS terminal; cash withdrawn from ATM.,22.59702,75.8342,no,,
CMP-2021-0835,2021-01-08 14:56:29,Bengaluru,UPI Fraud,73ae1b0b2b5f09f4,ICICI935635,Unauthorized UPI transaction initiated from victim's account via social engineering.,13.07222,77.64383,no,,
CMP-2019-0836,2019-04-07 10:21:14,Jaipur,UPI Fraud,2020d727c6da8948,KOTAK438354,Unauthorized UPI transaction initiated from victim's account via social engineering.,26.93102,75.69416,yes,ATM-0278,2019-04-08 14:47:54
CMP-2021-0837,2021-07-26 11:39:26,Bengaluru,Debit Card Fraud,6854e54a10545a07,KOTAK439075,Card cloned at compromised POS terminal; cash withdrawn from ATM.,12.87369,77.56524,yes,ATM-0200,2021-07-27 02:58:36
CMP-2020-0838,2020-04-27 05:32:17,Surat,Lottery Scam,14accd79d261e631,UNION486903,Victim paid processing fee for fake lottery winnings and lost money.,21.03338,72.94674,yes,ATM-0307,2020-04-28 17:30:27
CMP-2024-0839,2024-12-10 03:06:00,Coimbatore,SIM Swap,701cba8e22933c82,UNION279787,SIM swapped without consent; OTPs intercepted and account emptied.,10.94238,76.83422,yes,ATM-0324,2024-12-12 05:14:05
CMP-2023-0840,2023-01-25 06:43:15,Madurai,Credit Card Fraud,cdf0b9d27d5c2c6c,SBIN766216,Card details skimmed online; multiple unauthorized international charges.,10.00371,78.17609,no,,
CMP-2022-0841,2022-12-31 00:25:51,Mumbai,KYC Fraud,dd75f969ecdd5188,UNION713455,Fraudster posing as bank official updated KYC and drained the account.,19.06067,72.88101,no,,
CMP-2022-0842,2022-01-07 23:50:22,Coimbatore,Phishing,6a8146717115f03f,HDFC746288,Victim received fraudulent email/SMS posing as bank and disclosed credentials.,11.09448,76.84302,yes,ATM-0220,2022-01-10 06:21:40
CMP-2022-0843,2022-09-19 21:47:14,Chennai,Credit Card Fraud,a989b30a419e81a6,BOB411023,Card details skimmed online; multiple unauthorized international charges.,12.9933,80.23342,no,,
CMP-2020-0844,2020-06-05 14:21:20,Coimbatore,Investment Scam,67afcc5d9d11720a,KOTAK240789,Victim lured into fake crypto/stock investment platform and lost deposits.,10.95024,76.99888,no,,
CMP-2022-0845,2022-02-15 05:34:42,Pune,Lottery Scam,1fa5be647ecf9cd7,HDFC340134,Victim paid processing fee for fake lottery winnings and lost money.,18.62448,73.80608,yes,ATM-0277,2022-02-15 09:28:18
CMP-2024-0846,2024-07-03 15:11:20,Bengaluru,Debit Card Fraud,2916512aaf217346,YESB646802,Card cloned at compromised POS terminal; cash withdrawn from ATM.,12.91809,77.57731,yes,ATM-0252,2024-07-03 20:13:41
CMP-2020-0847,2020-02-26 16:36:11,Surat,Credit Card Fraud,8d64052b4596a913,SBIN196216,Card details skimmed online; multiple unauthorized international charges.,21.0723,72.84575,no,,
CMP-2020-0848,2020-03-23 18:46:02,Jaipur,UPI Fraud,9359234575ccc78a,BOB426592,Unauthorized UPI transaction initiated from victim's account via social engineering.,26.81165,75.69656,yes,ATM-0311,2020-03-24 12:41:35
CMP-2020-0849,2020-09-17 04:59:46,Ahmedabad,Debit Card Fraud,5721f7d1b9430848,BOB183902,Card cloned at compromised POS terminal; cash withdrawn from ATM.,23.1578,72.52927,yes,ATM-0242,2020-09-18 12:46:31
CMP-2022-0850,2022-01-12 02:18:13,Coimbatore,Loan Fraud,190800ee867dd6b8,SBIN959416,Fraudulent loan approved in victim's name; money diverted to mule account.,11.15293,76.9504,no,,
CMP-2021-0851,2021-07-25 10:15:32,Mumbai,Lottery Scam,90de5a65a5c73147,CNRB260221,Victim paid processing fee for fake lottery winnings and lost money.,19.09186,72.78041,yes,ATM-0157,2021-07-26 18:55:06
CMP-2021-0852,2021-04-01 22:43:25,Lucknow,OTP Scam,ce20df1e8d37075e,KOTAK243294,Victim shared OTP with caller impersonating bank support; funds transferred.,26.91116,80.85491,no,,
CMP-2019-0853,2019-01-10 03:49:48,Patna,SIM Swap,2ffd0755a1ef6563,KOTAK615326,SIM swapped without consent; OTPs intercepted and account emptied.,25.56547,85.11235,yes,ATM-0381,2019-01-11 06:41:47
CMP-2021-0854,2021-12-08 14:33:20,Surat,Investment Scam,053fc5b1388db9cc,YESB140712,Victim lured into fake crypto/stock investment platform and lost deposits.,21.31794,72.71844,no,,
CMP-2019-0855,2019-12-22 17:39:48,Madurai,Loan Fraud,c1941cebc054198f,KOTAK634363,Fraudulent loan approved in victim's name; money diverted to mule account.,9.98794,78.16029,yes,ATM-0030,2019-12-24 16:31:43
CMP-2024-0856,2024-07-23 00:03:44,Coimbatore,Debit Card Fraud,20e8b92aa34120df,BOB136183,Card cloned at compromised POS terminal; cash withdrawn from ATM.,11.14324,76.91422,no,,
CMP-2019-0857,2019-03-03 21:49:03,Surat,Credit Card Fraud,a558f986827478e3,UNION577595,Card details skimmed online; multiple unauthorized international charges.,21.30348,72.72531,yes,ATM-0297,2019-03-06 18:20:44
CMP-2024-0858,2024-01-18 18:16:19,Chennai,UPI Fraud,f5a57ba2429c37b8,ICICI775699,Unauthorized UPI transaction initiated from victim's account via social engineering.,13.14618,80.236,no,,
CMP-2024-0859,2024-11-04 08:28:18,Mumbai,SIM Swap,6fbb8c52f3e84fb5,YESB273878,SIM swapped without consent; OTPs intercepted and account emptied.,19.17492,72.80356,yes,ATM-0273,2024-11-06 07:52:57
CMP-2021-0860,2021-04-18 16:33:22,Hyderabad,Loan Fraud,8d40dcd769a221f3,ICICI214582,Fraudulent loan approved in victim's name; money diverted to mule account.,17.42585,78.56971,yes,ATM-0074,2021-04-19 11:55:32
CMP-2020-0861,2020-04-04 01:41:30,Coimbatore,Loan Fraud,a0d8e3478ead1877,PNB106732,Fraudulent loan approved in victim's name; money diverted to mule account.,11.16291,77.05072,yes,ATM-0036,2020-04-06 09:24:04
CMP-2021-0862,2021-07-04 11:40:40,Pune,Lottery Scam,ad0391c86f31b8c8,YESB278922,Victim paid processing fee for fake lottery winnings and lost money.,18.42332,73.76262,yes,ATM-0250,2021-07-05 00:46:50
CMP-2024-0863,2024-09-09 03:02:47,Ahmedabad,Investment Scam,ff4fae3cf5475df8,AXIS294655,Victim lured into fake crypto/stock investment platform and lost deposits.,22.93278,72.64637,no,,
CMP-2020-0864,2020-02-25 10:04:19,Indore,Loan Fraud,cbc30e1d5b8f01f9,UNION214499,Fraudulent loan approved in victim's name; money diverted to mule account.,22.83011,75.75754,yes,ATM-0194,2020-02-25 19:02:56
CMP-2019-0865,2019-05-21 19:10:33,Chennai,Investment Scam,95120ecbb0dc3d93,BOB608763,Victim lured into fake crypto/stock investment platform and lost deposits.,13.13454,80.15094,yes,ATM-0385,2019-05-24 15:57:05
CMP-2022-0866,2022-12-28 17:18:24,Madurai,Phishing,5ad888e1dd0e68ab,AXIS647707,Victim received fraudulent email/SMS posing as bank and disclosed credentials.,10.01274,78.0825,no,,
CMP-2024-0867,2024-10-08 20:51:05,Hyderabad,OTP Scam,1a1581696787e370,KOTAK733729,Victim shared OTP with caller impersonating bank support; funds transferred.,17.36384,78.44794,no,,
CMP-2024-0868,2024-12-29 18:49:22,Patna,Debit Card Fraud,a6b13b51f4abfce5,YESB496818,Card cloned at compromised POS terminal; cash withdrawn from ATM.,25.62734,85.28019,no,,
CMP-2023-0869,2023-11-02 12:54:44,Chennai,OTP Scam,6999a307bb2878a4,YESB860448,Victim shared OTP with caller impersonating bank support; funds transferred.,13.18333,80.39821,yes,ATM-0063,2023-11-05 03:28:51
CMP-2020-0870,2020-09-04 07:31:14,Coimbatore,Debit Card Fraud,c5ada2c3bb3993f7,BOB748388,Card cloned at compromised POS terminal; cash withdrawn from ATM.,11.07266,77.06676,no,,
CMP-2022-0871,2022-12-17 13:27:02,Chennai,KYC Fraud,37c7f2b17eb8164b,KOTAK147976,Fraudster posing as bank official updated KYC and drained the account.,13.22358,80.34144,no,,
CMP-2020-0872,2020-05-26 17:26:53,Ahmedabad,Loan Fraud,0e237a3f7fa3e81b,UNION932527,Fraudulent loan approved in victim's name; money diverted to mule account.,22.89691,72.54977,no,,
CMP-2024-0873,2024-08-01 11:31:38,Surat,UPI Fraud,bd229fa1d9464009,YESB408137,Unauthorized UPI transaction initiated from victim's account via social engineering.,21.20235,72.89468,no,,
CMP-2024-0874,2024-04-03 19:53:20,Madurai,SIM Swap,fb4970b4cd73e8cc,SBIN622112,SIM swapped without consent; OTPs intercepted and account emptied.,10.01425,78.0602,no,,
CMP-2022-0875,2022-04-17 07:17:39,Patna,OTP Scam,4ed4f34740792556,BOB221297,Victim shared OTP with caller impersonating bank support; funds transferred.,25.58875,85.1498,yes,ATM-0088,2022-04-19 13:31:42
CMP-2022-0876,2022-12-16 12:02:11,Mumbai,UPI Fraud,f8c891219d30ee0f,HDFC268018,Unauthorized UPI transaction initiated from victim's account via social engineering.,19.2047,72.82565,yes,ATM-0144,2022-12-17 03:54:12
CMP-2020-0877,2020-07-18 11:08:21,Ahmedabad,UPI Fraud,998be1831e1991ee,SBIN660509,Unauthorized UPI transaction initiated from victim's account via social engineering.,23.06256,72.56899,no,,
CMP-2020-0878,2020-12-30 04:00:50,Bengaluru,Investment Scam,aa4c548e38b64791,UNION167808,Victim lured into fake crypto/stock investment platform and lost deposits.,13.0148,77.5577,no,,
CMP-2023-0879,2023-06-01 13:57:17,Pune,SIM Swap,434efea3d53f3c6c,AXIS334410,SIM swapped without consent; OTPs intercepted and account emptied.,18.44813,73.79399,yes,ATM-0175,2023-06-03 19:16:36
CMP-2024-0880,2024-08-15 10:17:05,Coimbatore,UPI Fraud,8630125b3515f0d8,KOTAK233606,Unauthorized UPI transaction initiated from victim's account via social engineering.,11.1228,77.09202,no,,
CMP-2019-0881,2019-01-04 16:15:42,Chennai,Investment Scam,ab242055d9412643,AXIS988268,Victim lured into fake crypto/stock investment platform and lost deposits.,13.04914,80.24781,no,,
CMP-2023-0882,2023-10-14 08:41:37,Indore,Credit Card Fraud,b9018a675dc280c6,UNION719473,Card details skimmed online; multiple unauthorized international charges.,22.63624,75.82629,no,,
CMP-2021-0883,2021-10-06 04:20:09,Delhi,Lottery Scam,08829a41d06c084d,AXIS624112,Victim paid processing fee for fake lottery winnings and lost money.,28.75809,76.99673,yes,ATM-0383,2021-10-08 04:14:28
CMP-2023-0884,2023-10-22 15:07:32,Coimbatore,Phishing,0df88116f09c0271,KOTAK423896,Victim received fraudulent email/SMS posing as bank and disclosed credentials.,11.01751,77.01238,yes,ATM-0362,2023-10-24 08:27:05
CMP-2022-0885,2022-10-14 16:33:24,Bengaluru,OTP Scam,506fc84fce9f4b1d,YESB161669,Victim shared OTP with caller impersonating bank support; funds transferred.,13.11594,77.54454,no,,
CMP-2020-0886,2020-04-06 10:52:42,Coimbatore,Debit Card Fraud,915e4f77f9ad9c35,HDFC913735,Card cloned at compromised POS terminal; cash withdrawn from ATM.,10.92051,76.95205,yes,ATM-0338,2020-04-09 04:34:10
CMP-2019-0887,2019-12-15 19:00:59,Chennai,SIM Swap,afc4f3e2d7598343,KOTAK542957,SIM swapped without consent; OTPs intercepted and account emptied.,13.13607,80.41779,no,,
CMP-2021-0888,2021-05-06 19:39:42,Jaipur,Lottery Scam,0a72b1a0414b318c,AXIS835165,Victim paid processing fee for fake lottery winnings and lost money.,27.01928,75.75543,yes,ATM-0386,2021-05-09 04:38:01
CMP-2024-0889,2024-03-12 02:08:31,Chennai,Lottery Scam,91f1b21a282cc8c7,SBIN705193,Victim paid processing fee for fake lottery winnings and lost money.,12.97397,80.32949,yes,ATM-0075,2024-03-12 17:14:42
CMP-2023-0890,2023-10-29 08:23:03,Bengaluru,Phishing,e62ad30f35b8382f,UNION206900,Victim received fraudulent email/SMS posing as bank and disclosed credentials.,13.0251,77.74115,yes,ATM-0219,2023-10-31 09:18:15
CMP-2020-0891,2020-01-04 13:50:02,Chennai,UPI Fraud,da15a8c825f42bf0,BOB288358,Unauthorized UPI transaction initiated from victim's account via social engineering.,13.21622,80.1559,no,,
CMP-2021-0892,2021-01-11 14:56:17,Pune,Credit Card Fraud,1a27125cb8a4051d,YESB356902,Card details skimmed online; multiple unauthorized international charges.,18.3806,73.77896,no,,
CMP-2023-0893,2023-02-16 08:57:22,Delhi,Loan Fraud,747097258fc1a67f,ICICI915509,Fraudulent loan approved in victim's name; money diverted to mule account.,28.6932,77.19796,yes,ATM-0324,2023-02-18 07:59:10
CMP-2021-0894,2021-03-15 19:18:56,Mumbai,UPI Fraud,9a1028ed14d79411,ICICI612982,Unauthorized UPI transaction initiated from victim's account via social engineering.,19.11842,73.00024,yes,ATM-0301,2021-03-17 12:34:12
CMP-2022-0895,2022-06-08 15:12:20,Hyderabad,UPI Fraud,4e473aea92c9762c,UNION289893,Unauthorized UPI transaction initiated from victim's account via social engineering.,17.35019,78.63669,no,,
CMP-2020-0896,2020-10-15 17:08:17,Delhi,UPI Fraud,9a141bd7fa5dc200,ICICI848440,Unauthorized UPI transaction initiated from victim's account via social engineering.,28.82676,77.19107,yes,ATM-0359,2020-10-15 18:33:35
CMP-2022-0897,2022-05-03 07:52:03,Jaipur,SIM Swap,8202886b737de36b,ICICI644107,SIM swapped without consent; OTPs intercepted and account emptied.,27.01354,75.79899,no,,
CMP-2022-0898,2022-11-28 21:01:39,Madurai,Debit Card Fraud,8d3a7ecbc774c24d,ICICI289440,Card cloned at compromised POS terminal; cash withdrawn from ATM.,10.0338,78.17836,yes,ATM-0229,2022-12-01 06:39:52
CMP-2019-0899,2019-09-27 14:12:51,Delhi,Investment Scam,1f00d2dc72afdf77,SBIN192086,Victim lured into fake crypto/stock investment platform and lost deposits.,28.72285,77.20794,yes,ATM-0064,2019-09-29 02:39:24
CMP-2021-0900,2021-03-07 13:25:12,Jaipur,Credit Card Fraud,cf389ff8b9e8702a,HDFC360400,Card details skimmed online; multiple unauthorized international charges.,26.85258,75.92116,no,,
CMP-2023-0901,2023-09-12 02:51:04,Surat,SIM Swap,f6e1d65e8d8d9f6e,SBIN705103,SIM swapped without consent; OTPs intercepted and account emptied.,21.16733,72.77498,no,,
CMP-2024-0902,2024-12-23 23:34:55,Lucknow,SIM Swap,a86824974e77e77b,AXIS821347,SIM swapped without consent; OTPs intercepted and account emptied.,26.7264,81.04213,yes,ATM-0097,2024-12-24 09:46:55
CMP-2024-0903,2024-02-19 16:22:57,Bengaluru,Credit Card Fraud,dd8f61fb80b24910,CNRB326534,Card details skimmed online; multiple unauthorized international charges.,12.99913,77.52782,no,,
CMP-2021-0904,2021-07-13 15:14:14,Jaipur,Lottery Scam,b98d98e9dfc04bc0,YESB781332,Victim paid processing fee for fake lottery winnings and lost money.,27.0335,75.75732,yes,ATM-0131,2021-07-15 15:56:50
CMP-2024-0905,2024-08-21 23:26:29,Delhi,SIM Swap,55624af35f947a35,ICICI760150,SIM swapped without consent; OTPs intercepted and account emptied.,28.7739,77.25111,no,,
CMP-2020-0906,2020-02-27 01:07:12,Kolkata,Investment Scam,684070d2c4c12c91,CNRB734330,Victim lured into fake crypto/stock investment platform and lost deposits.,22.47181,88.46037,yes,ATM-0223,2020-02-28 04:24:14
CMP-2024-0907,2024-10-13 03:54:24,Bengaluru,UPI Fraud,d0e4cdcd874593e6,ICICI657286,Unauthorized UPI transaction initiated from victim's account via social engineering.,12.8546,77.60911,yes,ATM-0328,2024-10-13 10:18:46
CMP-2024-0908,2024-06-15 03:45:34,Madurai,Lottery Scam,56a1aa3c92df6060,AXIS386939,Victim paid processing fee for fake lottery winnings and lost money.,9.77816,78.08295,no,,
CMP-2021-0909,2021-04-09 14:00:12,Mumbai,UPI Fraud,0ed7151c5b90d8da,CNRB863706,Unauthorized UPI transaction initiated from victim's account via social engineering.,19.18865,72.90435,no,,
CMP-2019-0910,2019-07-29 07:54:16,Kolkata,Investment Scam,aa76d0a06659474c,CNRB384220,Victim lured into fake crypto/stock investment platform and lost deposits.,22.60484,88.48287,yes,ATM-0385,2019-07-30 11:57:11
CMP-2021-0911,2021-01-26 06:34:16,Coimbatore,SIM Swap,5bd3453045fee9fd,UNION990901,SIM swapped without consent; OTPs intercepted and account emptied.,10.9876,76.98349,yes,ATM-0352,2021-01-27 19:32:52
CMP-2019-0912,2019-12-07 16:21:12,Delhi,Credit Card Fraud,e0d7f0a000282edb,UNION871146,Card details skimmed online; multiple unauthorized international charges.,28.63431,77.22803,no,,
CMP-2021-0913,2021-03-22 00:00:15,Madurai,Debit Card Fraud,dbf26c56321b664e,UNION538560,Card cloned at compromised POS terminal; cash withdrawn from ATM.,9.98724,78.02473,no,,
CMP-2023-0914,2023-10-16 10:41:18,Jaipur,Lottery Scam,0f34a95f051b23ea,YESB645883,Victim paid processing fee for fake lottery winnings and lost money.,27.0449,75.90172,no,,
CMP-2020-0915,2020-10-30 15:58:33,Patna,UPI Fraud,b47b19e594e4e9fa,YESB908010,Unauthorized UPI transaction initiated from victim's account via social engineering.,25.53792,85.01464,yes,ATM-0374,2020-10-31 09:15:30
CMP-2019-0916,2019-07-25 03:37:46,Lucknow,Phishing,d43ba549d5d105d2,PNB681078,Victim received fraudulent email/SMS posing as bank and disclosed credentials.,26.97558,81.0387,yes,ATM-0218,2019-07-27 04:22:33
CMP-2024-0917,2024-08-04 23:29:58,Delhi,OTP Scam,12a696fe10a5728b,CNRB818402,Victim shared OTP with caller impersonating bank support; funds transferred.,28.85349,77.21892,no,,
CMP-2021-0918,2021-06-07 09:18:38,Lucknow,Debit Card Fraud,195206e29194ee02,HDFC848851,Card cloned at compromised POS terminal; cash withdrawn from ATM.,26.82419,80.9565,yes,ATM-0379,2021-06-09 08:54:55
CMP-2024-0919,2024-07-09 17:24:49,Indore,SIM Swap,40b98962bbb7244c,UNION144413,SIM swapped without consent; OTPs intercepted and account emptied.,22.75181,75.99709,no,,
CMP-2024-0920,2024-04-16 07:26:12,Jaipur,Debit Card Fraud,205edb577c37e809,ICICI484880,Card cloned at compromised POS terminal; cash withdrawn from ATM.,27.01422,75.79141,no,,
CMP-2021-0921,2021-07-15 04:25:40,Pune,Credit Card Fraud,b710094da24823ca,ICICI454375,Card details skimmed online; multiple unauthorized international charges.,18.64461,73.78163,no,,
CMP-2023-0922,2023-08-07 05:06:32,Mumbai,Lottery Scam,1eb0af1cbb717a03,BOB407804,Victim paid processing fee for fake lottery winnings and lost money.,19.00543,72.72837,no,,
CMP-2021-0923,2021-05-12 10:11:30,Indore,Lottery Scam,b5b26760ded7f64f,CNRB965837,Victim paid processing fee for fake lottery winnings and lost money.,22.83763,75.98832,no,,
CMP-2024-0924,2024-02-02 17:43:48,Chennai,KYC Fraud,d6cf7d626982ec04,UNION582716,Fraudster posing as bank official updated KYC and drained the account.,13.03127,80.22687,yes,ATM-0370,2024-02-03 07:08:00
CMP-2021-0925,2021-02-15 18:43:39,Mumbai,Loan Fraud,d64ff71ae936a8bd,AXIS188860,Fraudulent loan approved in victim's name; money diverted to mule account.,19.08473,72.99725,yes,ATM-0250,2021-02-15 19:13:30
CMP-2023-0926,2023-08-13 20:37:58,Hyderabad,Debit Card Fraud,d7d006198b1ac450,YESB492491,Card cloned at compromised POS terminal; cash withdrawn from ATM.,17.32479,78.4652,yes,ATM-0138,2023-08-14 04:27:32
CMP-2021-0927,2021-08-18 21:52:25,Patna,OTP Scam,dd9cab8337c14039,SBIN470920,Victim shared OTP with caller impersonating bank support; funds transferred.,25.66823,84.98934,no,,
CMP-2023-0928,2023-04-03 21:35:41,Mumbai,Debit Card Fraud,903eb66144366ea9,HDFC240173,Card cloned at compromised POS terminal; cash withdrawn from ATM.,19.04436,72.95088,no,,
CMP-2019-0929,2019-12-18 05:52:21,Bengaluru,OTP Scam,c7f96edaf1a9fcfe,PNB224562,Victim shared OTP with caller impersonating bank support; funds transferred.,12.94793,77.60964,no,,
CMP-2023-0930,2023-04-15 01:51:11,Kolkata,Loan Fraud,acc20d6bf3ff5acf,YESB237801,Fraudulent loan approved in victim's name; money diverted to mule account.,22.45552,88.24626,yes,ATM-0080,2023-04-16 02:37:47
CMP-2019-0931,2019-01-30 21:42:59,Surat,Debit Card Fraud,9b964789154ad109,KOTAK550536,Card cloned at compromised POS terminal; cash withdrawn from ATM.,21.31313,72.90233,yes,ATM-0149,2019-01-31 18:02:12
CMP-2019-0932,2019-07-01 00:13:18,Pune,Debit Card Fraud,e1d1f7d5675ed83d,SBIN864672,Card cloned at compromised POS terminal; cash withdrawn from ATM.,18.52377,73.78154,no,,
CMP-2024-0933,2024-03-08 09:20:50,Coimbatore,Debit Card Fraud,99a1a8e9def4e360,YESB308050,Card cloned at compromised POS terminal; cash withdrawn from ATM.,11.00897,77.04062,yes,ATM-0374,2024-03-09 21:30:55
CMP-2020-0934,2020-02-01 23:36:10,Patna,Investment Scam,d8adab6dd394b771,SBIN340526,Victim lured into fake crypto/stock investment platform and lost deposits.,25.48024,85.10798,yes,ATM-0099,2020-02-04 18:29:52
CMP-2021-0935,2021-07-23 00:42:56,Lucknow,Debit Card Fraud,0c1ae78d7435163e,HDFC498828,Card cloned at compromised POS terminal; cash withdrawn from ATM.,26.81889,80.88813,no,,
CMP-2020-0936,2020-05-22 01:23:29,Kolkata,Loan Fraud,e2f4508fb701967e,HDFC634630,Fraudulent loan approved in victim's name; money diverted to mule account.,22.55072,88.2294,yes,ATM-0187,2020-05-22 21:35:29
CMP-2021-0937,2021-02-08 02:16:22,Pune,Debit Card Fraud,6ac9c3adc99845ee,HDFC290580,Card cloned at compromised POS terminal; cash withdrawn from ATM.,18.38267,73.72234,no,,
CMP-2020-0938,2020-04-09 10:37:39,Ahmedabad,Lottery Scam,7d3e57beebc66e1b,ICICI551839,Victim paid processing fee for fake lottery winnings and lost money.,22.92795,72.7059,yes,ATM-0156,2020-04-09 18:39:27
CMP-2023-0939,2023-01-05 15:56:14,Surat,SIM Swap,4e20b1e0ecabde72,SBIN447300,SIM swapped without consent; OTPs intercepted and account emptied.,21.12837,72.92411,no,,
CMP-2022-0940,2022-07-14 07:17:59,Lucknow,KYC Fraud,1d237191f180ea4e,PNB320235,Fraudster posing as bank official updated KYC and drained the account.,26.872,80.82237,yes,ATM-0323,2022-07-16 12:45:58
CMP-2019-0941,2019-09-21 16:42:46,Lucknow,Debit Card Fraud,9723793a253ff5d5,BOB203428,Card cloned at compromised POS terminal; cash withdrawn from ATM.,26.71916,80.96017,yes,ATM-0372,2019-09-23 02:51:19
CMP-2023-0942,2023-07-26 07:47:37,Jaipur,Credit Card Fraud,f5b54c64307afc4f,SBIN301019,Card details skimmed online; multiple unauthorized international charges.,26.88786,75.85078,no,,
CMP-2023-0943,2023-07-22 17:55:53,Patna,SIM Swap,f41490d7bd125505,KOTAK570267,SIM swapped without consent; OTPs intercepted and account emptied.,25.63306,85.02283,yes,ATM-0248,2023-07-24 00:05:59
CMP-2024-0944,2024-08-02 13:10:44,Jaipur,Phishing,41d554cd3042dc4c,UNION387465,Victim received fraudulent email/SMS posing as bank and disclosed credentials.,26.97141,75.67598,yes,ATM-0290,2024-08-02 17:33:22
CMP-2024-0945,2024-10-31 16:34:21,Bengaluru,Loan Fraud,b2d72df9f58ca9bd,CNRB638430,Fraudulent loan approved in victim's name; money diverted to mule account.,13.11306,77.49426,no,,
CMP-2021-0946,2021-04-21 16:09:56,Madurai,Loan Fraud,910fe7e0a703e589,UNION384682,Fraudulent loan approved in victim's name; money diverted to mule account.,9.83728,77.97088,no,,
CMP-2022-0947,2022-07-21 07:39:25,Chennai,SIM Swap,f813a42390600522,CNRB842133,SIM swapped without consent; OTPs intercepted and account emptied.,13.14887,80.19835,no,,
CMP-2020-0948,2020-10-11 07:59:17,Hyderabad,SIM Swap,9850b8794cc4b91d,SBIN334807,SIM swapped without consent; OTPs intercepted and account emptied.,17.24868,78.40817,yes,ATM-0076,2020-10-14 03:48:55
CMP-2020-0949,2020-08-31 13:32:52,Delhi,Lottery Scam,ca40bea4bd8499b9,HDFC773618,Victim paid processing fee for fake lottery winnings and lost money.,28.84811,77.24936,yes,ATM-0060,2020-08-31 13:38:55
CMP-2021-0950,2021-01-31 06:56:11,Lucknow,KYC Fraud,edc03259f3e429ce,ICICI839730,Fraudster posing as bank official updated KYC and drained the account.,26.9619,80.87541,yes,ATM-0314,2021-02-01 04:10:08
CMP-2024-0951,2024-11-28 16:58:45,Surat,Phishing,965763b584aee0f5,KOTAK329931,Victim received fraudulent email/SMS posing as bank and disclosed credentials.,21.23934,72.76501,yes,ATM-0009,2024-11-30 07:40:16
CMP-2024-0952,2024-11-14 11:14:28,Madurai,Investment Scam,eb0566544be54d66,YESB785584,Victim lured into fake crypto/stock investment platform and lost deposits.,9.8524,78.15767,no,,
CMP-2020-0953,2020-03-27 16:39:55,Ahmedabad,Debit Card Fraud,1b502a3a111bdf79,PNB313824,Card cloned at compromised POS terminal; cash withdrawn from ATM.,23.047,72.66372,no,,
CMP-2019-0954,2019-12-08 00:15:05,Bengaluru,Loan Fraud,5891afcef52bfbf8,SBIN602275,Fraudulent loan approved in victim's name; money diverted to mule account.,12.84971,77.49905,yes,ATM-0091,2019-12-08 13:50:57
CMP-2021-0955,2021-12-10 17:25:07,Coimbatore,Credit Card Fraud,55cbae0675af81d2,PNB122069,Card details skimmed online; multiple unauthorized international charges.,10.95985,77.07138,no,,
CMP-2023-0956,2023-02-15 00:29:49,Bengaluru,UPI Fraud,9f481d8170c3486f,ICICI547107,Unauthorized UPI transaction initiated from victim's account via social engineering.,12.89518,77.71734,no,,
CMP-2019-0957,2019-08-08 14:41:38,Jaipur,Credit Card Fraud,e6a40b7861edd80d,HDFC732599,Card details skimmed online; multiple unauthorized international charges.,26.79232,75.7525,yes,ATM-0007,2019-08-10 21:39:43
CMP-2022-0958,2022-11-13 01:26:50,Chennai,Credit Card Fraud,2975395f25e9dc68,ICICI380658,Card details skimmed online; multiple unauthorized international charges.,12.97549,80.30892,yes,ATM-0005,2022-11-15 22:23:45
CMP-2019-0959,2019-08-21 23:43:37,Coimbatore,KYC Fraud,085c43fc2d6389f3,ICICI312149,Fraudster posing as bank official updated KYC and drained the account.,10.90857,77.0337,no,,
CMP-2023-0960,2023-11-22 16:24:26,Hyderabad,KYC Fraud,c3df6222699ef5e8,SBIN355652,Fraudster posing as bank official updated KYC and drained the account.,17.25176,78.54431,no,,
CMP-2019-0961,2019-09-27 15:48:10,Patna,Phishing,7cc39c1659e81b57,CNRB411152,Victim received fraudulent email/SMS posing as bank and disclosed credentials.,25.47487,85.25354,yes,ATM-0001,2019-09-30 09:28:44
CMP-2019-0962,2019-02-22 14:03:42,Pune,Loan Fraud,3c114bc31d8c00ad,KOTAK787199,Fraudulent loan approved in victim's name; money diverted to mule account.,18.45645,73.98321,no,,
CMP-2023-0963,2023-02-13 16:55:06,Coimbatore,UPI Fraud,7ad651ad8d710c00,SBIN215485,Unauthorized UPI transaction initiated from victim's account via social engineering.,10.93416,77.09274,yes,ATM-0040,2023-02-15 13:14:55
CMP-2019-0964,2019-09-17 07:22:02,Indore,UPI Fraud,49c822664a0177fe,UNION258442,Unauthorized UPI transaction initiated from victim's account via social engineering.,22.62302,75.86684,no,,
CMP-2023-0965,2023-01-28 15:19:16,Delhi,Lottery Scam,1ddd89eeb1bf0202,PNB465308,Victim paid processing fee for fake lottery winnings and lost money.,28.81672,77.03383,no,,
CMP-2021-0966,2021-03-19 17:24:41,Hyderabad,UPI Fraud,c1726c1bb603d455,HDFC255863,Unauthorized UPI transaction initiated from victim's account via social engineering.,17.46834,78.38068,yes,ATM-0229,2021-03-21 21:20:54
CMP-2023-0967,2023-09-18 03:09:20,Ahmedabad,UPI Fraud,23c0b2dfbe08501e,UNION548217,Unauthorized UPI transaction initiated from victim's account via social engineering.,23.16038,72.50494,yes,ATM-0066,2023-09-18 16:15:02
CMP-2021-0968,2021-04-23 13:45:17,Kolkata,OTP Scam,d656fe73d9e7df53,BOB827104,Victim shared OTP with caller impersonating bank support; funds transferred.,22.71445,88.39442,no,,
CMP-2019-0969,2019-10-30 20:13:39,Surat,Debit Card Fraud,86fb6b6794e441d2,YESB676023,Card cloned at compromised POS terminal; cash withdrawn from ATM.,21.16933,72.84123,no,,
CMP-2023-0970,2023-12-05 16:43:06,Pune,UPI Fraud,7ef537cbfb88908e,YESB652542,Unauthorized UPI transaction initiated from victim's account via social engineering.,18.54376,73.91475,no,,
CMP-2023-0971,2023-03-21 11:27:31,Bengaluru,KYC Fraud,77ee4cfce1da2e8f,AXIS991913,Fraudster posing as bank official updated KYC and drained the account.,12.82675,77.61211,no,,
CMP-2024-0972,2024-07-10 16:49:16,Chennai,KYC Fraud,c20ff5e6300dcf22,SBIN409012,Fraudster posing as bank official updated KYC and drained the account.,13.07082,80.37128,no,,
CMP-2024-0973,2024-08-02 13:40:31,Pune,Debit Card Fraud,f7652780293925a5,AXIS158579,Card cloned at compromised POS terminal; cash withdrawn from ATM.,18.5945,73.74187,no,,
CMP-2019-0974,2019-11-10 11:32:19,Coimbatore,Phishing,fd9b967267618cbe,YESB489739,Victim received fraudulent email/SMS posing as bank and disclosed credentials.,10.88303,76.8376,no,,
CMP-2021-0975,2021-11-10 17:26:54,Lucknow,Credit Card Fraud,afb7b8654ed651b7,SBIN482986,Card details skimmed online; multiple unauthorized international charges.,26.73908,80.86971,yes,ATM-0214,2021-11-11 04:13:40
CMP-2020-0976,2020-02-04 16:36:37,Coimbatore,Credit Card Fraud,d6a9b7ce83e581b4,CNRB832497,Card details skimmed online; multiple unauthorized international charges.,11.15143,76.94686,no,,
CMP-2021-0977,2021-08-30 17:54:34,Surat,Phishing,0fbd75fe849ce0bb,ICICI263459,Victim received fraudulent email/SMS posing as bank and disclosed credentials.,21.0382,72.87384,no,,
CMP-2020-0978,2020-01-16 07:32:29,Delhi,Phishing,9e01a5d777a4a21c,YESB812930,Victim received fraudulent email/SMS posing as bank and disclosed credentials.,28.83857,77.08879,no,,
CMP-2020-0979,2020-07-19 09:31:49,Lucknow,SIM Swap,a858ed640a6c6e97,AXIS544250,SIM swapped without consent; OTPs intercepted and account emptied.,26.97614,80.87775,yes,ATM-0194,2020-07-22 07:56:28
CMP-2019-0980,2019-10-02 04:00:44,Bengaluru,Loan Fraud,b00d7ac5ec9f2e86,HDFC329540,Fraudulent loan approved in victim's name; money diverted to mule account.,12.93929,77.69135,no,,
CMP-2022-0981,2022-08-18 17:42:20,Mumbai,OTP Scam,f4391e9823809167,KOTAK784405,Victim shared OTP with caller impersonating bank support; funds transferred.,19.11857,72.97588,yes,ATM-0191,2022-08-20 16:15:51
CMP-2020-0982,2020-03-02 15:42:47,Mumbai,UPI Fraud,d89b88bc5a031fe6,KOTAK732490,Unauthorized UPI transaction initiated from victim's account via social engineering.,19.15964,72.82834,yes,ATM-0084,2020-03-04 06:42:22
CMP-2019-0983,2019-05-24 02:44:35,Lucknow,Phishing,3e537d399203406f,PNB296863,Victim received fraudulent email/SMS posing as bank and disclosed credentials.,26.86221,80.98772,yes,ATM-0138,2019-05-24 08:51:57
CMP-2022-0984,2022-06-03 03:20:09,Chennai,Investment Scam,a5218afa2c040bd4,BOB147899,Victim lured into fake crypto/stock investment platform and lost deposits.,12.94711,80.14866,yes,ATM-0183,2022-06-05 09:27:24
CMP-2024-0985,2024-10-01 14:19:58,Jaipur,Debit Card Fraud,bf46824359cb794a,YESB860939,Card cloned at compromised POS terminal; cash withdrawn from ATM.,26.86915,75.67616,no,,
CMP-2020-0986,2020-12-26 22:02:08,Indore,SIM Swap,bff433efbc9338ef,CNRB946719,SIM swapped without consent; OTPs intercepted and account emptied.,22.80212,75.71481,no,,
CMP-2021-0987,2021-11-11 00:05:54,Patna,Phishing,763e06cd4926663e,SBIN258898,Victim received fraudulent email/SMS posing as bank and disclosed credentials.,25.64881,85.01123,no,,
CMP-2024-0988,2024-09-18 14:59:49,Bengaluru,Debit Card Fraud,d107a59813429e83,SBIN906172,Card cloned at compromised POS terminal; cash withdrawn from ATM.,13.03717,77.74262,no,,
CMP-2024-0989,2024-12-14 01:59:31,Lucknow,SIM Swap,c24a52643e3563b9,KOTAK569217,SIM swapped without consent; OTPs intercepted and account emptied.,26.93231,80.89791,yes,ATM-0221,2024-12-14 04:52:23
CMP-2023-0990,2023-04-11 15:54:08,Surat,Loan Fraud,befb28c786474cb7,AXIS740037,Fraudulent loan approved in victim's name; money diverted to mule account.,21.20226,72.9685,no,,
CMP-2024-0991,2024-12-18 17:46:03,Mumbai,Phishing,2ce4dd06e0a740c9,PNB673713,Victim received fraudulent email/SMS posing as bank and disclosed credentials.,19.18626,72.96691,no,,
CMP-2021-0992,2021-12-29 02:48:08,Ahmedabad,KYC Fraud,eae0a383935e5e84,PNB269316,Fraudster posing as bank official updated KYC and drained the account.,22.89295,72.59435,yes,ATM-0037,2021-12-29 15:42:13
CMP-2023-0993,2023-08-19 07:43:11,Hyderabad,OTP Scam,8a91765ddfa8504a,BOB781880,Victim shared OTP with caller impersonating bank support; funds transferred.,17.51225,78.61865,no,,
CMP-2021-0994,2021-12-05 18:36:39,Kolkata,Lottery Scam,19467bdd1094fce7,YESB998630,Victim paid processing fee for fake lottery winnings and lost money.,22.60851,88.41808,yes,ATM-0263,2021-12-08 07:26:21
CMP-2024-0995,2024-09-16 22:19:55,Kolkata,UPI Fraud,f93401f3bb1fc665,YESB630519,Unauthorized UPI transaction initiated from victim's account via social engineering.,22.55763,88.47712,no,,
CMP-2019-0996,2019-04-04 12:03:08,Surat,Phishing,cb426b7c5b09c252,AXIS833736,Victim received fraudulent email/SMS posing as bank and disclosed credentials.,21.26657,72.68348,no,,
CMP-2020-0997,2020-09-28 20:05:49,Delhi,Investment Scam,59164e3b8feaef23,ICICI333886,Victim lured into fake crypto/stock investment platform and lost deposits.,28.67057,77.09118,yes,ATM-0239,2020-09-30 05:49:41
CMP-2022-0998,2022-03-18 10:31:36,Patna,OTP Scam,951b33fa1700d467,ICICI289030,Victim shared OTP with caller impersonating bank support; funds transferred.,25.66363,85.26284,no,,
CMP-2023-0999,2023-08-11 03:54:15,Bengaluru,Loan Fraud,28498bfd052476bb,ICICI432697,Fraudulent loan approved in victim's name; money diverted to mule account.,12.92433,77.62591,yes,ATM-0380,2023-08-12 14:11:31
CMP-2020-1000,2020-09-01 22:04:27,Chennai,SIM Swap,662bf94ed46ff782,BOB252582,SIM swapped without consent; OTPs intercepted and account emptied.,13.12476,80.21676,yes,ATM-0308,2020-09-04 05:49:01
CMP-2019-1001,2019-05-17 17:15:18,Madurai,KYC Fraud,724bd535711fe8e3,YESB596405,Fraudster posing as bank official updated KYC and drained the account.,9.83923,78.03325,yes,ATM-0351,2019-05-18 23:42:19
CMP-2020-1002,2020-07-06 06:54:59,Delhi,UPI Fraud,597f0a312d33a9a7,ICICI387210,Unauthorized UPI transaction initiated from victim's account via social engineering.,28.67562,77.042,no,,
CMP-2024-1003,2024-03-23 23:52:03,Jaipur,Debit Card Fraud,1b516cb75d14923b,PNB293020,Card cloned at compromised POS terminal; cash withdrawn from ATM.,27.01156,75.66503,no,,
CMP-2021-1004,2021-01-19 08:44:05,Madurai,Lottery Scam,42ffb864159c65c5,AXIS466242,Victim paid processing fee for fake lottery winnings and lost money.,10.05778,78.11429,no,,
CMP-2023-1005,2023-09-14 10:21:25,Coimbatore,Loan Fraud,6fd041c72736b48b,UNION508040,Fraudulent loan approved in victim's name; money diverted to mule account.,11.1137,76.97407,no,,
CMP-2020-1006,2020-03-11 01:04:40,Coimbatore,Investment Scam,8608b07e3f130630,SBIN439458,Victim lured into fake crypto/stock investment platform and lost deposits.,11.06602,77.05285,no,,
CMP-2023-1007,2023-12-14 02:09:13,Coimbatore,KYC Fraud,85fd12349eb30d2b,SBIN580938,Fraudster posing as bank official updated KYC and drained the account.,11.14695,76.95563,yes,ATM-0346,2023-12-15 07:24:48
CMP-2022-1008,2022-02-14 20:03:08,Chennai,OTP Scam,0f6dca50b80f7951,SBIN765104,Victim shared OTP with caller impersonating bank support; funds transferred.,13.0675,80.41154,yes,ATM-0112,2022-02-17 01:44:35
CMP-2020-1009,2020-02-16 03:45:09,Coimbatore,SIM Swap,8e99cdb8885a9fed,SBIN730134,SIM swapped without consent; OTPs intercepted and account emptied.,10.98007,76.91023,no,,
CMP-2024-1010,2024-10-30 02:12:47,Lucknow,Phishing,73fd71ab196d20ca,KOTAK116977,Victim received fraudulent email/SMS posing as bank and disclosed credentials.,26.78728,80.88829,no,,
CMP-2019-1011,2019-10-01 07:36:34,Ahmedabad,OTP Scam,27c9d9c578d81f20,YESB468814,Victim shared OTP with caller impersonating bank support; funds transferred.,22.97816,72.58414,no,,
CMP-2023-1012,2023-08-04 07:01:35,Mumbai,Credit Card Fraud,f22ef62921de90a4,YESB491246,Card details skimmed online; multiple unauthorized international charges.,18.97907,72.90617,no,,
CMP-2021-1013,2021-04-16 00:07:32,Patna,Loan Fraud,3bcfd0985b885252,PNB836197,Fraudulent loan approved in victim's name; money diverted to mule account.,25.63021,85.26514,no,,
CMP-2024-1014,2024-12-20 20:10:46,Madurai,UPI Fraud,79a67dfc876688f1,HDFC746195,Unauthorized UPI transaction initiated from victim's account via social engineering.,10.05495,78.0009,no,,
CMP-2022-1015,2022-09-28 19:15:00,Jaipur,UPI Fraud,8d9bdf505843ecf2,BOB627812,Unauthorized UPI transaction initiated from victim's account via social engineering.,26.93677,75.64709,yes,ATM-0216,2022-09-29 10:30:17
CMP-2023-1016,2023-08-30 03:28:16,Jaipur,Loan Fraud,9055dbdcaa294ae9,AXIS997940,Fraudulent loan approved in victim's name; money diverted to mule account.,26.90327,75.67463,no,,
CMP-2024-1017,2024-06-25 15:19:03,Pune,Loan Fraud,6c3ea9d06c5bf580,KOTAK920192,Fraudulent loan approved in victim's name; money diverted to mule account.,18.43758,73.79178,no,,
CMP-2020-1018,2020-08-02 12:25:08,Patna,Loan Fraud,5dede8b69ce9e67a,AXIS104359,Fraudulent loan approved in victim's name; money diverted to mule account.,25.71416,85.11197,yes,ATM-0079,2020-08-04 21:20:09
CMP-2024-1019,2024-01-17 03:01:47,Jaipur,Investment Scam,d092fda0b494a04c,KOTAK278688,Victim lured into fake crypto/stock investment platform and lost deposits.,27.05015,75.93515,yes,ATM-0201,2024-01-17 16:54:05
CMP-2022-1020,2022-11-12 22:56:10,Patna,Phishing,1b7de4c6e0b5cde0,UNION549946,Victim received fraudulent email/SMS posing as bank and disclosed credentials.,25.48276,85.17848,no,,
CMP-2020-1021,2020-01-16 14:44:56,Indore,KYC Fraud,14426723b77a364b,SBIN558648,Fraudster posing as bank official updated KYC and drained the account.,22.63889,75.92071,yes,ATM-0061,2020-01-18 12:12:45
CMP-2023-1022,2023-09-15 08:38:51,Patna,Lottery Scam,1865a78b5e619f47,CNRB266779,Victim paid processing fee for fake lottery winnings and lost money.,25.72871,85.04873,yes,ATM-0224,2023-09-15 09:28:41
CMP-2023-1023,2023-08-15 03:22:29,Delhi,Phishing,68ec4419235381ca,CNRB182598,Victim received fraudulent email/SMS posing as bank and disclosed credentials.,28.72564,76.96009,no,,
CMP-2024-1024,2024-11-24 15:51:06,Surat,KYC Fraud,901836d965965dcd,AXIS784219,Fraudster posing as bank official updated KYC and drained the account.,21.28957,72.77018,no,,
CMP-2020-1025,2020-06-21 08:27:29,Madurai,Loan Fraud,57d724b39a9bfd77,PNB791281,Fraudulent loan approved in victim's name; money diverted to mule account.,9.79072,77.99469,yes,ATM-0012,2020-06-23 06:25:19
CMP-2022-1026,2022-06-23 08:46:51,Mumbai,UPI Fraud,79f2623e4b185326,UNION228643,Unauthorized UPI transaction initiated from victim's account via social engineering.,18.95812,72.81244,no,,
CMP-2019-1027,2019-07-23 06:35:35,Ahmedabad,KYC Fraud,8a28cbb2e3d30368,YESB205561,Fraudster posing as bank official updated KYC and drained the account.,23.01981,72.42799,yes,ATM-0321,2019-07-23 12:05:15
CMP-2023-1028,2023-02-14 22:53:52,Pune,KYC Fraud,fe25ef27450e3eb5,BOB947825,Fraudster posing as bank official updated KYC and drained the account.,18.41873,73.79633,no,,
CMP-2022-1029,2022-12-16 07:53:51,Surat,Investment Scam,123009d971ad6c47,ICICI459462,Victim lured into fake crypto/stock investment platform and lost deposits.,21.31832,72.82627,no,,
CMP-2022-1030,2022-04-12 08:15:00,Delhi,SIM Swap,29d454d735a75cde,PNB227500,SIM swapped without consent; OTPs intercepted and account emptied.,28.61195,76.96137,yes,ATM-0263,2022-04-14 15:02:21
CMP-2020-1031,2020-04-18 22:15:45,Kolkata,UPI Fraud,cd775b0fb44280b8,HDFC443450,Unauthorized UPI transaction initiated from victim's account via social engineering.,22.46417,88.23893,no,,
CMP-2019-1032,2019-10-05 08:05:44,Hyderabad,OTP Scam,0804893eb7053e63,ICICI465484,Victim shared OTP with caller impersonating bank support; funds transferred.,17.44743,78.53228,no,,
CMP-2023-1033,2023-11-08 13:04:22,Pune,SIM Swap,f4b5237e91444c91,AXIS362241,SIM swapped without consent; OTPs intercepted and account emptied.,18.42229,73.91282,no,,
CMP-2020-1034,2020-09-07 20:27:21,Pune,UPI Fraud,709b183a0deb45f3,UNION426720,Unauthorized UPI transaction initiated from victim's account via social engineering.,18.4201,73.76845,no,,
CMP-2021-1035,2021-08-07 17:40:27,Ahmedabad,Loan Fraud,106ad6f40e81711f,PNB955524,Fraudulent loan approved in victim's name; money diverted to mule account.,22.96812,72.45367,yes,ATM-0103,2021-08-09 10:30:30
CMP-2021-1036,2021-03-30 08:20:17,Surat,UPI Fraud,52e9b8c8da48613d,SBIN135399,Unauthorized UPI transaction initiated from victim's account via social engineering.,21.30763,72.75702,yes,ATM-0310,2021-04-01 19:51:34
CMP-2022-1037,2022-11-14 09:49:54,Jaipur,KYC Fraud,2651e8ebdc6794f2,HDFC220219,Fraudster posing as bank official updated KYC and drained the account.,26.81637,75.7341,no,,
CMP-2021-1038,2021-02-22 19:38:15,Mumbai,Debit Card Fraud,a0e6ae28b0ab75a0,KOTAK490032,Card cloned at compromised POS terminal; cash withdrawn from ATM.,18.96951,72.82204,yes,ATM-0353,2021-02-22 20:25:21
CMP-2020-1039,2020-12-21 13:16:04,Ahmedabad,Investment Scam,34155966e013cd01,KOTAK343949,Victim lured into fake crypto/stock investment platform and lost deposits.,23.04099,72.53708,no,,
CMP-2022-1040,2022-03-01 05:33:50,Mumbai,SIM Swap,cd1566c6c395e0af,UNION946648,SIM swapped without consent; OTPs intercepted and account emptied.,19.18397,72.75015,no,,
CMP-2021-1041,2021-07-13 01:18:33,Madurai,Loan Fraud,c4e88d77cd2cb310,KOTAK307775,Fraudulent loan approved in victim's name; money diverted to mule account.,9.83434,78.21062,no,,
CMP-2024-1042,2024-12-09 15:49:00,Pune,UPI Fraud,80fb0e380d80a949,BOB279453,Unauthorized UPI transaction initiated from victim's account via social engineering.,18.55083,73.88405,yes,ATM-0011,2024-12-10 12:20:22
CMP-2022-1043,2022-11-11 06:33:53,Patna,Investment Scam,821783a85ea4e78a,BOB398179,Victim lured into fake crypto/stock investment platform and lost deposits.,25.48342,85.27766,yes,ATM-0274,2022-11-14 00:39:48
CMP-2019-1044,2019-03-27 17:05:56,Surat,Phishing,98b02a085ae8437f,BOB199740,Victim received fraudulent email/SMS posing as bank and disclosed credentials.,21.26916,72.80562,yes,ATM-0163,2019-03-29 23:21:53
CMP-2021-1045,2021-05-27 03:42:24,Jaipur,KYC Fraud,5675511b1bc2f987,UNION149359,Fraudster posing as bank official updated KYC and drained the account.,26.8804,75.84624,no,,
CMP-2024-1046,2024-02-03 10:35:05,Indore,UPI Fraud,7b233bfe45873247,UNION207734,Unauthorized UPI transaction initiated from victim's account via social engineering.,22.57839,75.72205,yes,ATM-0054,2024-02-06 10:07:11
CMP-2024-1047,2024-03-02 07:16:01,Coimbatore,Loan Fraud,6b85b6a1ddd0cb95,SBIN192292,Fraudulent loan approved in victim's name; money diverted to mule account.,10.92415,77.07648,yes,ATM-0276,2024-03-05 06:30:56
CMP-2024-1048,2024-08-08 15:15:32,Patna,Phishing,e1827921277d4abf,HDFC216185,Victim received fraudulent email/SMS posing as bank and disclosed credentials.,25.4585,85.07889,yes,ATM-0353,2024-08-10 11:22:37
CMP-2023-1049,2023-11-16 03:44:20,Hyderabad,Credit Card Fraud,95409e859b164c40,UNION583072,Card details skimmed online; multiple unauthorized international charges.,17.27097,78.4325,yes,ATM-0300,2023-11-18 19:39:37
CMP-2024-1050,2024-10-17 03:32:02,Pune,OTP Scam,b21221930e3f1969,ICICI647108,Victim shared OTP with caller impersonating bank support; funds transferred.,18.52868,73.88007,no,,
CMP-2024-1051,2024-11-09 04:21:34,Kolkata,OTP Scam,6dfb7cc1dad25aa5,ICICI376626,Victim shared OTP with caller impersonating bank support; funds transferred.,22.65246,88.42731,yes,ATM-0125,2024-11-11 03:50:32
CMP-2023-1052,2023-05-30 23:20:49,Bengaluru,UPI Fraud,ad003bd0e6588efd,BOB163194,Unauthorized UPI transaction initiated from victim's account via social engineering.,12.88534,77.64575,no,,
CMP-2021-1053,2021-04-23 16:00:24,Ahmedabad,UPI Fraud,684339d0b8950416,AXIS953536,Unauthorized UPI transaction initiated from victim's account via social engineering.,23.04966,72.57969,no,,
CMP-2023-1054,2023-07-25 05:29:55,Hyderabad,OTP Scam,b701e619aee79991,SBIN988990,Victim shared OTP with caller impersonating bank support; funds transferred.,17.38635,78.61094,yes,ATM-0187,2023-07-26 09:15:36
CMP-2021-1055,2021-09-18 06:40:43,Lucknow,SIM Swap,86992f133cbb99b6,YESB297083,SIM swapped without consent; OTPs intercepted and account emptied.,26.71729,80.92313,no,,
CMP-2024-1056,2024-09-15 17:23:30,Lucknow,UPI Fraud,318c51dde29f7fb8,BOB212379,Unauthorized UPI transaction initiated from victim's account via social engineering.,26.92021,80.86837,no,,
CMP-2020-1057,2020-02-14 18:46:23,Chennai,OTP Scam,afc179aa51191a12,CNRB574628,Victim shared OTP with caller impersonating bank support; funds transferred.,13.03829,80.1562,no,,
CMP-2021-1058,2021-02-15 13:10:50,Bengaluru,Credit Card Fraud,1b81f395c96be00e,CNRB551777,Card details skimmed online; multiple unauthorized international charges.,12.97398,77.46055,yes,ATM-0051,2021-02-15 16:43:05
CMP-2021-1059,2021-04-18 02:33:52,Indore,Loan Fraud,d5ae2906b8f8a555,PNB298652,Fraudulent loan approved in victim's name; money diverted to mule account.,22.69041,75.88591,no,,
CMP-2021-1060,2021-12-17 12:18:56,Pune,UPI Fraud,e6eb9a8513c925ec,HDFC777741,Unauthorized UPI transaction initiated from victim's account via social engineering.,18.44508,73.74002,yes,ATM-0019,2021-12-19 05:43:56
CMP-2020-1061,2020-06-07 03:19:51,Jaipur,UPI Fraud,840e14d775e384cf,AXIS750348,Unauthorized UPI transaction initiated from victim's account via social engineering.,26.97225,75.75867,yes,ATM-0113,2020-06-09 08:10:24
CMP-2024-1062,2024-04-11 01:04:58,Hyderabad,OTP Scam,2dd0dbf76872bf35,SBIN923895,Victim shared OTP with caller impersonating bank support; funds transferred.,17.29607,78.52777,no,,
CMP-2020-1063,2020-09-22 23:04:06,Chennai,UPI Fraud,7fba3bbefc42bbb3,CNRB834497,Unauthorized UPI transaction initiated from victim's account via social engineering.,13.11934,80.34243,no,,
CMP-2023-1064,2023-02-16 06:25:20,Delhi,KYC Fraud,80174b29bafd3976,ICICI274740,Fraudster posing as bank official updated KYC and drained the account.,28.6103,77.22246,yes,ATM-0007,2023-02-18 06:22:36
CMP-2021-1065,2021-07-26 13:52:45,Chennai,Credit Card Fraud,569519283bdb6051,ICICI279018,Card details skimmed online; multiple unauthorized international charges.,13.13646,80.37663,no,,
CMP-2024-1066,2024-10-25 06:22:18,Lucknow,Phishing,87df95f8129ccbcc,AXIS595523,Victim received fraudulent email/SMS posing as bank and disclosed credentials.,26.72952,81.04188,no,,
CMP-2024-1067,2024-12-09 23:52:57,Patna,Debit Card Fraud,c405bb503b21206f,CNRB275431,Card cloned at compromised POS terminal; cash withdrawn from ATM.,25.6706,85.22018,yes,ATM-0377,2024-12-11 00:03:04
CMP-2021-1068,2021-12-11 00:57:45,Kolkata,SIM Swap,de86b24e8e48b099,BOB365852,SIM swapped without consent; OTPs intercepted and account emptied.,22.53189,88.21797,yes,ATM-0364,2021-12-12 00:59:30
CMP-2022-1069,2022-02-08 13:37:41,Surat,Investment Scam,69292e7c8116f123,ICICI383049,Victim lured into fake crypto/stock investment platform and lost deposits.,21.22594,72.89956,yes,ATM-0211,2022-02-11 03:16:45
CMP-2022-1070,2022-12-15 16:08:59,Delhi,KYC Fraud,c4bef969cafeb67f,HDFC356238,Fraudster posing as bank official updated KYC and drained the account.,28.72738,77.16124,yes,ATM-0106,2022-12-17 21:44:38
CMP-2020-1071,2020-02-29 16:59:37,Pune,UPI Fraud,e82d7a28ab9198e1,CNRB571093,Unauthorized UPI transaction initiated from victim's account via social engineering.,18.6666,73.96953,yes,ATM-0348,2020-03-01 18:06:37
CMP-2020-1072,2020-12-26 15:35:35,Lucknow,Loan Fraud,07c6a522fee83918,PNB299829,Fraudulent loan approved in victim's name; money diverted to mule account.,26.70903,80.95222,yes,ATM-0314,2020-12-27 00:26:46
CMP-2023-1073,2023-10-09 13:47:07,Lucknow,KYC Fraud,5ed58aa8138a7285,ICICI108739,Fraudster posing as bank official updated KYC and drained the account.,26.84638,81.00186,no,,
CMP-2019-1074,2019-11-26 03:34:33,Hyderabad,Investment Scam,9062a7e74f21b0fe,SBIN418395,Victim lured into fake crypto/stock investment platform and lost deposits.,17.38105,78.35608,yes,ATM-0233,2019-11-26 06:31:28
CMP-2020-1075,2020-09-12 02:10:53,Lucknow,UPI Fraud,af81007f12817e95,BOB420677,Unauthorized UPI transaction initiated from victim's account via social engineering.,26.69823,80.90188,no,,
CMP-2019-1076,2019-04-20 08:02:57,Delhi,KYC Fraud,d29f7be3f20c023d,CNRB797644,Fraudster posing as bank official updated KYC and drained the account.,28.84166,77.12072,no,,
CMP-2023-1077,2023-04-12 14:45:22,Delhi,Debit Card Fraud,d58b50dee8c2746d,UNION184638,Card cloned at compromised POS terminal; cash withdrawn from ATM.,28.64134,76.96214,no,,
CMP-2020-1078,2020-06-28 23:08:22,Surat,Loan Fraud,1df1900296d3bbc2,YESB202905,Fraudulent loan approved in victim's name; money diverted to mule account.,21.28811,72.95716,no,,
CMP-2020-1079,2020-01-15 16:54:38,Pune,KYC Fraud,b570303a9819d8ae,UNION245936,Fraudster posing as bank official updated KYC and drained the account.,18.5754,73.76655,yes,ATM-0284,2020-01-16 07:16:35
CMP-2020-1080,2020-10-30 05:54:53,Hyderabad,Investment Scam,62cba4d50e266f14,BOB672344,Victim lured into fake crypto/stock investment platform and lost deposits.,17.29001,78.57142,no,,
CMP-2019-1081,2019-07-30 10:17:17,Jaipur,OTP Scam,3c3a8be7141a1710,KOTAK628288,Victim shared OTP with caller impersonating bank support; funds transferred.,27.04286,75.85108,no,,
CMP-2021-1082,2021-07-26 00:33:20,Pune,Loan Fraud,d7a975ebbadec2b4,HDFC686058,Fraudulent loan approved in victim's name; money diverted to mule account.,18.37833,73.93673,yes,ATM-0072,2021-07-27 20:51:02
CMP-2020-1083,2020-10-24 12:52:29,Bengaluru,Investment Scam,7d6e860719b14217,KOTAK233457,Victim lured into fake crypto/stock investment platform and lost deposits.,13.00787,77.71457,no,,
CMP-2019-1084,2019-04-28 07:08:18,Patna,Loan Fraud,9088c21b6ebef91a,YESB802629,Fraudulent loan approved in victim's name; money diverted to mule account.,25.44589,85.22984,no,,
CMP-2021-1085,2021-10-05 08:14:53,Chennai,UPI Fraud,fb55fdf23d61525c,PNB970207,Unauthorized UPI transaction initiated from victim's account via social engineering.,13.22855,80.15281,no,,
CMP-2023-1086,2023-12-06 20:53:59,Lucknow,OTP Scam,6367a62a2b887993,KOTAK163821,Victim shared OTP with caller impersonating bank support; funds transferred.,26.73313,80.97159,no,,
CMP-2023-1087,2023-04-20 20:10:16,Coimbatore,Debit Card Fraud,7d05dc1603087e2f,SBIN689351,Card cloned at compromised POS terminal; cash withdrawn from ATM.,11.08893,76.95439,yes,ATM-0346,2023-04-22 18:13:38
CMP-2019-1088,2019-12-06 02:42:52,Surat,Lottery Scam,f042272dd10419b7,HDFC944750,Victim paid processing fee for fake lottery winnings and lost money.,21.16569,72.88743,yes,ATM-0001,2019-12-06 13:43:56
CMP-2024-1089,2024-04-11 20:36:44,Jaipur,UPI Fraud,f1c6e64b560e63db,AXIS208639,Unauthorized UPI transaction initiated from victim's account via social engineering.,26.90452,75.88712,yes,ATM-0029,2024-04-14 15:17:15
CMP-2020-1090,2020-10-19 03:11:27,Ahmedabad,Credit Card Fraud,06251696e1203a55,AXIS982608,Card details skimmed online; multiple unauthorized international charges.,23.12682,72.49948,no,,
CMP-2021-1091,2021-08-20 03:12:14,Surat,Investment Scam,486b9add5bad05e0,YESB253350,Victim lured into fake crypto/stock investment platform and lost deposits.,21.21106,72.73654,no,,
CMP-2022-1092,2022-12-11 12:09:31,Delhi,SIM Swap,8d693715d90e2212,CNRB310083,SIM swapped without consent; OTPs intercepted and account emptied.,28.69695,77.03951,no,,
CMP-2024-1093,2024-10-02 08:51:46,Ahmedabad,KYC Fraud,9fe05da282171c12,PNB510191,Fraudster posing as bank official updated KYC and drained the account.,22.98825,72.66136,no,,
CMP-2023-1094,2023-11-18 08:44:51,Delhi,Phishing,721c46b64de155bc,BOB225961,Victim received fraudulent email/SMS posing as bank and disclosed credentials.,28.72336,76.95581,yes,ATM-0331,2023-11-20 07:34:41
CMP-2022-1095,2022-12-10 21:45:17,Ahmedabad,Phishing,777c5b25152b84c1,SBIN590636,Victim received fraudulent email/SMS posing as bank and disclosed credentials.,23.13723,72.55891,yes,ATM-0082,2022-12-11 23:30:46
CMP-2024-1096,2024-02-19 03:28:04,Jaipur,Debit Card Fraud,2d10517562dda6fc,CNRB509599,Card cloned at compromised POS terminal; cash withdrawn from ATM.,26.91631,75.68965,yes,ATM-0336,2024-02-21 07:15:03
CMP-2021-1097,2021-01-13 09:16:55,Coimbatore,Credit Card Fraud,0f9e6c927d4c766f,PNB513064,Card details skimmed online; multiple unauthorized international charges.,10.88726,77.0576,no,,
CMP-2024-1098,2024-10-09 22:59:33,Lucknow,Credit Card Fraud,1df535dcd38008bd,CNRB913063,Card details skimmed online; multiple unauthorized international charges.,26.89437,80.87397,no,,
CMP-2022-1099,2022-07-14 04:11:55,Lucknow,KYC Fraud,5cba87e38b5fa3b5,UNION970198,Fraudster posing as bank official updated KYC and drained the account.,26.81783,80.80968,no,,
CMP-2019-1100,2019-12-15 18:18:14,Mumbai,UPI Fraud,ed46e081b672b931,BOB439381,Unauthorized UPI transaction initiated from victim's account via social engineering.,19.15397,73.0221,no,,
CMP-2023-1101,2023-05-25 05:30:45,Bengaluru,UPI Fraud,cfce65d69d992f34,YESB892528,Unauthorized UPI transaction initiated from victim's account via social engineering.,13.1136,77.72131,yes,ATM-0129,2023-05-25 13:45:16
CMP-2024-1102,2024-01-30 08:13:43,Mumbai,OTP Scam,c491270ff7163eca,KOTAK735996,Victim shared OTP with caller impersonating bank support; funds transferred.,19.11539,72.73654,yes,ATM-0056,2024-02-01 10:32:12
CMP-2021-1103,2021-04-07 09:14:25,Surat,Investment Scam,7829a6632ed089f2,AXIS305225,Victim lured into fake crypto/stock investment platform and lost deposits.,21.09595,72.81235,yes,ATM-0104,2021-04-09 14:40:32
CMP-2021-1104,2021-08-09 00:46:09,Jaipur,Debit Card Fraud,ea0cfd505ed1f9a1,UNION125420,Card cloned at compromised POS terminal; cash withdrawn from ATM.,26.95113,75.8379,yes,ATM-0072,2021-08-11 17:05:10
CMP-2021-1105,2021-02-26 19:09:20,Pune,Investment Scam,9cddb94a8b2c2efc,ICICI457261,Victim lured into fake crypto/stock investment platform and lost deposits.,18.42599,73.92569,no,,
CMP-2022-1106,2022-11-08 03:08:50,Ahmedabad,Debit Card Fraud,40beab5029860c69,AXIS698076,Card cloned at compromised POS terminal; cash withdrawn from ATM.,23.12077,72.57166,yes,ATM-0287,2022-11-10 16:35:37
CMP-2023-1107,2023-10-23 07:07:05,Ahmedabad,Loan Fraud,33bf9c84c508a656,YESB174310,Fraudulent loan approved in victim's name; money diverted to mule account.,23.04325,72.45956,no,,
CMP-2019-1108,2019-08-10 02:24:33,Ahmedabad,Debit Card Fraud,29c8983a68f134ab,UNION666795,Card cloned at compromised POS terminal; cash withdrawn from ATM.,22.97178,72.48861,no,,
CMP-2024-1109,2024-07-13 16:49:14,Hyderabad,Loan Fraud,a54ec24bcecb334a,KOTAK171253,Fraudulent loan approved in victim's name; money diverted to mule account.,17.49673,78.38406,yes,ATM-0274,2024-07-15 10:14:46
CMP-2024-1110,2024-02-13 08:25:02,Indore,Investment Scam,475ec928bf840827,PNB518612,Victim lured into fake crypto/stock investment platform and lost deposits.,22.75519,75.87148,no,,
CMP-2022-1111,2022-06-30 20:30:35,Indore,Lottery Scam,86cc48df3dbd24c8,HDFC133842,Victim paid processing fee for fake lottery winnings and lost money.,22.67101,75.78596,yes,ATM-0031,2022-07-01 06:32:18
CMP-2022-1112,2022-04-13 16:02:27,Coimbatore,KYC Fraud,c098130c20c71fae,HDFC347062,Fraudster posing as bank official updated KYC and drained the account.,11.01487,77.0475,no,,
CMP-2022-1113,2022-08-29 12:19:47,Patna,Phishing,8466a49ffca31093,ICICI536459,Victim received fraudulent email/SMS posing as bank and disclosed credentials.,25.62354,85.17133,yes,ATM-0283,2022-08-30 22:48:05
CMP-2019-1114,2019-10-11 15:45:54,Coimbatore,Phishing,c4adf6d56a307e07,HDFC620719,Victim received fraudulent email/SMS posing as bank and disclosed credentials.,11.01908,77.0009,yes,ATM-0156,2019-10-14 00:02:10
CMP-2024-1115,2024-04-04 07:14:10,Bengaluru,Phishing,812e901f1637f32e,HDFC911192,Victim received fraudulent email/SMS posing as bank and disclosed credentials.,13.05615,77.50345,no,,
CMP-2021-1116,2021-04-11 05:45:32,Surat,Phishing,e74e00a673894dc0,BOB154673,Victim received fraudulent email/SMS posing as bank and disclosed credentials.,21.13634,72.79427,yes,ATM-0360,2021-04-12 12:29:27
CMP-2019-1117,2019-10-29 20:31:13,Ahmedabad,UPI Fraud,6792564b302b409b,KOTAK468877,Unauthorized UPI transaction initiated from victim's account via social engineering.,22.93059,72.55236,yes,ATM-0119,2019-10-30 03:08:37
CMP-2019-1118,2019-01-23 00:27:02,Pune,SIM Swap,8da9a9bb292c3009,HDFC940713,SIM swapped without consent; OTPs intercepted and account emptied.,18.37487,73.92265,no,,
CMP-2019-1119,2019-06-17 20:32:54,Delhi,OTP Scam,030b6c981a6b2de9,PNB145843,Victim shared OTP with caller impersonating bank support; funds transferred.,28.64834,77.13322,no,,
CMP-2024-1120,2024-12-26 19:30:06,Delhi,Investment Scam,940c8de1c5a069e9,BOB789525,Victim lured into fake crypto/stock investment platform and lost deposits.,28.59081,76.97554,yes,ATM-0279,2024-12-27 10:19:26
CMP-2023-1121,2023-03-26 05:08:19,Patna,KYC Fraud,d8d0fb0372664a47,BOB847775,Fraudster posing as bank official updated KYC and drained the account.,25.53492,85.09768,no,,
CMP-2024-1122,2024-03-18 21:58:05,Bengaluru,SIM Swap,cb5d84e732ef975d,KOTAK831666,SIM swapped without consent; OTPs intercepted and account emptied.,12.98403,77.47591,yes,ATM-0211,2024-03-21 00:45:51
CMP-2022-1123,2022-09-24 12:30:20,Hyderabad,UPI Fraud,d364e1323672e2d4,SBIN982298,Unauthorized UPI transaction initiated from victim's account via social engineering.,17.52778,78.40586,no,,
CMP-2020-1124,2020-04-06 19:06:37,Kolkata,Credit Card Fraud,3d9c11f88f573f94,AXIS832264,Card details skimmed online; multiple unauthorized international charges.,22.55468,88.44316,no,,
CMP-2019-1125,2019-02-16 15:29:41,Patna,Phishing,237f024d2e9889bf,PNB716814,Victim received fraudulent email/SMS posing as bank and disclosed credentials.,25.55935,85.23575,yes,ATM-0143,2019-02-19 05:01:27
CMP-2021-1126,2021-04-21 04:54:15,Chennai,Loan Fraud,589bbf1da8149ee8,BOB146573,Fraudulent loan approved in victim's name; money diverted to mule account.,13.00003,80.2345,no,,
CMP-2022-1127,2022-03-12 16:33:21,Surat,Lottery Scam,b851105e22e950b0,CNRB900059,Victim paid processing fee for fake lottery winnings and lost money.,21.12454,72.6889,no,,
CMP-2024-1128,2024-05-10 22:25:03,Indore,Lottery Scam,1984b76aac09df8f,UNION327062,Victim paid processing fee for fake lottery winnings and lost money.,22.79678,75.80998,no,,
CMP-2021-1129,2021-08-09 01:27:10,Pune,Phishing,d48c0893f6f1472e,ICICI680170,Victim received fraudulent email/SMS posing as bank and disclosed credentials.,18.48683,73.92309,no,,
CMP-2024-1130,2024-02-25 00:06:18,Jaipur,OTP Scam,2b070e0f0672838f,UNION854157,Victim shared OTP with caller impersonating bank support; funds transferred.,26.93289,75.79297,yes,ATM-0196,2024-02-26 09:45:10
CMP-2024-1131,2024-12-14 19:33:57,Bengaluru,Credit Card Fraud,79f4d71ee3f4b103,PNB938429,Card details skimmed online; multiple unauthorized international charges.,13.02638,77.52692,no,,
CMP-2023-1132,2023-08-18 00:06:02,Hyderabad,KYC Fraud,5b68b11acfedaceb,YESB140481,Fraudster posing as bank official updated KYC and drained the account.,17.41966,78.44521,no,,
CMP-2023-1133,2023-09-11 07:06:14,Madurai,Investment Scam,91553b70e380b5b5,ICICI421802,Victim lured into fake crypto/stock investment platform and lost deposits.,9.94573,78.0661,yes,ATM-0092,2023-09-12 15:03:29
CMP-2019-1134,2019-02-07 19:57:05,Chennai,OTP Scam,5238981c3263c83c,KOTAK603534,Victim shared OTP with caller impersonating bank support; funds transferred.,13.12402,80.28768,yes,ATM-0297,2019-02-10 15:32:51
CMP-2020-1135,2020-08-28 16:37:09,Lucknow,SIM Swap,476ddfbe5f80aa6f,ICICI561834,SIM swapped without consent; OTPs intercepted and account emptied.,26.75064,81.02599,yes,ATM-0254,2020-08-29 01:46:45
CMP-2022-1136,2022-10-13 01:42:09,Delhi,Investment Scam,ef9a73c99a9558f7,HDFC343974,Victim lured into fake crypto/stock investment platform and lost deposits.,28.58843,76.96405,no,,
CMP-2024-1137,2024-02-29 12:13:38,Lucknow,KYC Fraud,d74b240a567ecb07,CNRB852204,Fraudster posing as bank official updated KYC and drained the account.,26.76509,81.08171,no,,
CMP-2024-1138,2024-11-06 20:14:45,Chennai,KYC Fraud,e4087a9d6874b229,HDFC729752,Fraudster posing as bank official updated KYC and drained the account.,13.00311,80.15345,no,,
CMP-2019-1139,2019-09-05 23:35:30,Mumbai,Debit Card Fraud,4429bf12f394bc95,KOTAK698071,Card cloned at compromised POS terminal; cash withdrawn from ATM.,19.03741,72.97451,yes,ATM-0329,2019-09-07 06:17:53
CMP-2020-1140,2020-09-12 05:42:36,Chennai,KYC Fraud,4f02db745c842a71,KOTAK451258,Fraudster posing as bank official updated KYC and drained the account.,13.22523,80.38992,yes,ATM-0151,2020-09-14 02:29:17
CMP-2019-1141,2019-12-18 05:53:21,Chennai,Lottery Scam,84890b0d1f0cfb02,UNION126775,Victim paid processing fee for fake lottery winnings and lost money.,12.96457,80.18414,yes,ATM-0367,2019-12-20 14:06:43
CMP-2022-1142,2022-01-18 10:15:23,Lucknow,KYC Fraud,653133767d08dc7f,YESB971080,Fraudster posing as bank official updated KYC and drained the account.,26.87151,80.99332,yes,ATM-0333,2022-01-18 15:54:16
CMP-2019-1143,2019-06-19 09:20:41,Indore,Debit Card Fraud,b65347abd9714107,CNRB702343,Card cloned at compromised POS terminal; cash withdrawn from ATM.,22.7587,75.92789,no,,
CMP-2019-1144,2019-09-23 15:24:32,Indore,SIM Swap,9cf5374db4133968,HDFC736592,SIM swapped without consent; OTPs intercepted and account emptied.,22.7113,75.86503,yes,ATM-0138,2019-09-24 05:27:02
CMP-2022-1145,2022-06-14 08:36:59,Indore,Debit Card Fraud,266d52fbe54d061f,AXIS937818,Card cloned at compromised POS terminal; cash withdrawn from ATM.,22.79989,75.81629,no,,
CMP-2023-1146,2023-06-28 06:43:56,Mumbai,Debit Card Fraud,2a0f8166059be7ef,YESB479459,Card cloned at compromised POS terminal; cash withdrawn from ATM.,18.94991,72.89584,yes,ATM-0186,2023-06-30 05:46:20
CMP-2022-1147,2022-08-19 00:48:50,Ahmedabad,Loan Fraud,4e7a473203dacdaa,UNION968033,Fraudulent loan approved in victim's name; money diverted to mule account.,23.12054,72.45898,no,,
CMP-2023-1148,2023-08-29 04:45:21,Pune,Investment Scam,0336446f78642e02,SBIN734960,Victim lured into fake crypto/stock investment platform and lost deposits.,18.44848,73.79277,yes,ATM-0042,2023-08-30 10:10:05
CMP-2022-1149,2022-01-11 12:17:02,Delhi,Investment Scam,d5ec2a24ead2131f,AXIS288655,Victim lured into fake crypto/stock investment platform and lost deposits.,28.81702,76.95715,yes,ATM-0135,2022-01-13 19:24:02
CMP-2023-1150,2023-04-08 15:18:16,Ahmedabad,UPI Fraud,826d83649710bf6d,HDFC974364,Unauthorized UPI transaction initiated from victim's account via social engineering.,23.00193,72.62841,no,,
CMP-2019-1151,2019-10-18 00:57:06,Patna,SIM Swap,4f79c1f78fdfb9b4,YESB471581,SIM swapped without consent; OTPs intercepted and account emptied.,25.48234,85.19668,yes,ATM-0151,2019-10-18 09:31:19
CMP-2024-1152,2024-05-20 06:15:56,Indore,KYC Fraud,a32c966fcfbe4eae,UNION746582,Fraudster posing as bank official updated KYC and drained the account.,22.60193,75.92435,yes,ATM-0182,2024-05-23 02:39:35
CMP-2024-1153,2024-06-18 06:53:36,Surat,OTP Scam,26eaae956f51d542,YESB403343,Victim shared OTP with caller impersonating bank support; funds transferred.,21.2475,72.89113,no,,
CMP-2023-1154,2023-05-05 15:26:00,Lucknow,SIM Swap,73f65687b3de46f8,SBIN108161,SIM swapped without consent; OTPs intercepted and account emptied.,26.87477,80.90716,no,,
CMP-2021-1155,2021-04-11 05:01:58,Ahmedabad,Credit Card Fraud,53062474cdc09662,UNION392866,Card details skimmed online; multiple unauthorized international charges.,23.15593,72.45047,yes,ATM-0175,2021-04-11 08:30:34
CMP-2022-1156,2022-02-08 05:33:39,Jaipur,Investment Scam,ef9f16bc825a92c2,YESB399113,Victim lured into fake crypto/stock investment platform and lost deposits.,26.85924,75.73287,yes,ATM-0074,2022-02-08 08:34:49
CMP-2024-1157,2024-09-01 14:38:56,Indore,Debit Card Fraud,3e7d1c7bca7b78d8,CNRB391772,Card cloned at compromised POS terminal; cash withdrawn from ATM.,22.74214,75.89234,yes,ATM-0146,2024-09-02 02:34:18
CMP-2020-1158,2020-09-22 15:56:41,Ahmedabad,OTP Scam,38136408d0224eef,SBIN402491,Victim shared OTP with caller impersonating bank support; funds transferred.,23.15426,72.49923,no,,
CMP-2019-1159,2019-08-21 12:11:07,Bengaluru,Lottery Scam,0db1fd64682b5496,ICICI316890,Victim paid processing fee for fake lottery winnings and lost money.,12.98725,77.59721,yes,ATM-0307,2019-08-24 05:10:05
CMP-2024-1160,2024-10-04 01:06:17,Jaipur,SIM Swap,e723528d9a975ff0,AXIS106988,SIM swapped without consent; OTPs intercepted and account emptied.,26.90891,75.88402,yes,ATM-0145,2024-10-06 20:54:53
CMP-2022-1161,2022-06-05 10:08:56,Coimbatore,OTP Scam,bf7f1514a4199423,SBIN971406,Victim shared OTP with caller impersonating bank support; funds transferred.,11.00295,77.0812,no,,
CMP-2024-1162,2024-07-06 22:21:14,Mumbai,OTP Scam,d3d5c562197e4037,BOB375834,Victim shared OTP with caller impersonating bank support; funds transferred.,18.95206,72.76875,yes,ATM-0343,2024-07-07 06:44:21
CMP-2021-1163,2021-02-14 00:04:25,Mumbai,Debit Card Fraud,e681984d4be1a67d,ICICI443005,Card cloned at compromised POS terminal; cash withdrawn from ATM.,18.97302,72.8283,no,,
CMP-2023-1164,2023-05-31 12:40:31,Surat,UPI Fraud,4094adec84f2a1a1,KOTAK140220,Unauthorized UPI transaction initiated from victim's account via social engineering.,21.15021,72.96081,no,,
CMP-2020-1165,2020-11-26 16:51:00,Patna,SIM Swap,e42446a73d5b95c3,HDFC765318,SIM swapped without consent; OTPs intercepted and account emptied.,25.63229,85.06137,no,,
CMP-2024-1166,2024-03-25 19:17:08,Bengaluru,Debit Card Fraud,19cd49ba513e987a,BOB258789,Card cloned at compromised POS terminal; cash withdrawn from ATM.,12.96695,77.50073,no,,
CMP-2019-1167,2019-10-16 18:08:48,Surat,UPI Fraud,042587b179dbdc07,AXIS103353,Unauthorized UPI transaction initiated from victim's account via social engineering.,21.1505,72.82831,no,,
CMP-2023-1168,2023-04-05 14:08:27,Chennai,Loan Fraud,d45c66eac0bbfa25,PNB743173,Fraudulent loan approved in victim's name; money diverted to mule account.,13.04679,80.29587,no,,
CMP-2021-1169,2021-11-26 22:54:40,Surat,Credit Card Fraud,222d133e7f85c33f,AXIS406305,Card details skimmed online; multiple unauthorized international charges.,21.22059,72.82817,no,,
CMP-2022-1170,2022-08-02 20:55:45,Jaipur,OTP Scam,919b17d10e866fed,ICICI329565,Victim shared OTP with caller impersonating bank support; funds transferred.,26.79611,75.90157,no,,
CMP-2020-1171,2020-09-21 09:52:36,Ahmedabad,KYC Fraud,20c6f70d244c79ba,YESB221445,Fraudster posing as bank official updated KYC and drained the account.,22.92536,72.70829,no,,
CMP-2021-1172,2021-01-31 13:04:18,Pune,Credit Card Fraud,b2e2e836a2df55d8,BOB980930,Card details skimmed online; multiple unauthorized international charges.,18.61182,73.85345,yes,ATM-0121,2021-01-31 15:09:25
CMP-2020-1173,2020-08-10 00:30:30,Bengaluru,Loan Fraud,acf55bdccee85259,CNRB909289,Fraudulent loan approved in victim's name; money diverted to mule account.,12.91856,77.6471,yes,ATM-0227,2020-08-11 07:07:22
CMP-2020-1174,2020-07-25 04:36:58,Chennai,Lottery Scam,f79ff1b82838d888,AXIS456349,Victim paid processing fee for fake lottery winnings and lost money.,13.12358,80.13439,yes,ATM-0114,2020-07-26 21:50:12
CMP-2019-1175,2019-12-31 21:05:02,Bengaluru,UPI Fraud,1c5f8555405d8cfd,UNION445698,Unauthorized UPI transaction initiated from victim's account via social engineering.,12.86036,77.60653,no,,
CMP-2019-1176,2019-02-16 06:27:10,Pune,UPI Fraud,c6ddfa38b5102919,KOTAK469833,Unauthorized UPI transaction initiated from victim's account via social engineering.,18.60045,73.87257,no,,
CMP-2022-1177,2022-02-10 08:38:20,Kolkata,SIM Swap,c6a1feb462c5a005,SBIN978862,SIM swapped without consent; OTPs intercepted and account emptied.,22.58331,88.47182,yes,ATM-0083,2022-02-13 02:12:21
CMP-2020-1178,2020-12-27 07:42:25,Bengaluru,SIM Swap,a37516a665f812a9,AXIS114303,SIM swapped without consent; OTPs intercepted and account emptied.,12.83242,77.45061,no,,
CMP-2019-1179,2019-08-13 14:57:00,Pune,OTP Scam,0ee5ba387b42089c,SBIN396841,Victim shared OTP with caller impersonating bank support; funds transferred.,18.46084,73.7757,no,,
CMP-2020-1180,2020-06-25 20:28:57,Hyderabad,UPI Fraud,c1225ae1cc270e33,YESB787106,Unauthorized UPI transaction initiated from victim's account via social engineering.,17.35523,78.58219,no,,
CMP-2024-1181,2024-03-03 14:33:02,Mumbai,UPI Fraud,718c548165008c1b,YESB121133,Unauthorized UPI transaction initiated from victim's account via social engineering.,18.93042,72.97678,no,,
CMP-2019-1182,2019-11-29 16:45:06,Coimbatore,Investment Scam,6a11081943a393b9,YESB303721,Victim lured into fake crypto/stock investment platform and lost deposits.,11.11624,77.06359,no,,
CMP-2021-1183,2021-07-20 12:13:47,Coimbatore,Phishing,0069ab47f4e32408,PNB581197,Victim received fraudulent email/SMS posing as bank and disclosed credentials.,10.9276,76.88508,no,,
CMP-2021-1184,2021-10-29 20:06:58,Hyderabad,Loan Fraud,dd49539c4c25e302,AXIS526068,Fraudulent loan approved in victim's name; money diverted to mule account.,17.4033,78.4817,no,,
CMP-2022-1185,2022-03-14 05:59:38,Bengaluru,Loan Fraud,c025caa17fd51d4e,BOB862899,Fraudulent loan approved in victim's name; money diverted to mule account.,12.93969,77.55642,no,,
CMP-2019-1186,2019-08-26 07:04:23,Bengaluru,Investment Scam,a07ecac7ca95e154,YESB908667,Victim lured into fake crypto/stock investment platform and lost deposits.,12.89123,77.55555,no,,
CMP-2022-1187,2022-11-09 09:58:17,Kolkata,Credit Card Fraud,65d4f39e01b53da3,ICICI200022,Card details skimmed online; multiple unauthorized international charges.,22.59087,88.2762,no,,
CMP-2022-1188,2022-07-24 03:50:48,Mumbai,Credit Card Fraud,86aa252df7e6cd02,UNION978780,Card details skimmed online; multiple unauthorized international charges.,19.06805,72.94461,no,,
CMP-2020-1189,2020-05-24 06:05:11,Madurai,OTP Scam,419f20c5d0849b2a,YESB426584,Victim shared OTP with caller impersonating bank support; funds transferred.,9.99735,78.2201,yes,ATM-0353,2020-05-25 22:47:20
CMP-2021-1190,2021-06-09 17:11:55,Chennai,Lottery Scam,8b456d3d796dc00e,AXIS891714,Victim paid processing fee for fake lottery winnings and lost money.,13.10142,80.26732,no,,
CMP-2024-1191,2024-10-03 05:02:53,Bengaluru,KYC Fraud,cc5091c1ba241336,BOB639420,Fraudster posing as bank official updated KYC and drained the account.,12.98804,77.66651,no,,
CMP-2024-1192,2024-07-11 09:58:44,Pune,UPI Fraud,1ab94e526f4bc167,SBIN893653,Unauthorized UPI transaction initiated from victim's account via social engineering.,18.37449,73.86268,yes,ATM-0102,2024-07-12 17:29:10
CMP-2024-1193,2024-10-30 11:14:43,Chennai,Loan Fraud,06bebf7fa1e6b172,SBIN756581,Fraudulent loan approved in victim's name; money diverted to mule account.,13.17365,80.26686,no,,
CMP-2022-1194,2022-04-13 15:55:12,Pune,Phishing,3de01fd9fee3c0ef,ICICI556633,Victim received fraudulent email/SMS posing as bank and disclosed credentials.,18.66912,73.92268,no,,
CMP-2020-1195,2020-08-16 23:55:25,Kolkata,Investment Scam,c6bdea1ad52ff7f7,UNION781805,Victim lured into fake crypto/stock investment platform and lost deposits.,22.47238,88.30096,no,,
CMP-2023-1196,2023-10-25 23:09:25,Coimbatore,KYC Fraud,ace8e4fcf78b836f,UNION363443,Fraudster posing as bank official updated KYC and drained the account.,11.00843,76.86899,yes,ATM-0383,2023-10-28 03:00:23
CMP-2024-1197,2024-02-11 14:24:01,Delhi,Credit Card Fraud,b77a8be157eef0f6,BOB110298,Card details skimmed online; multiple unauthorized international charges.,28.64941,77.00627,no,,
CMP-2024-1198,2024-12-16 08:13:46,Chennai,Lottery Scam,ed0d50faefda93a2,AXIS308947,Victim paid processing fee for fake lottery winnings and lost money.,13.14091,80.28202,yes,ATM-0032,2024-12-18 05:13:39
CMP-2022-1199,2022-07-26 10:47:36,Mumbai,KYC Fraud,c2b9992f594d8492,CNRB337009,Fraudster posing as bank official updated KYC and drained the account.,19.02949,72.73194,yes,ATM-0146,2022-07-28 21:53:15
CMP-2024-1200,2024-03-16 23:48:38,Lucknow,Lottery Scam,9858da6f1c7ace33,UNION904246,Victim paid processing fee for fake lottery winnings and lost money.,26.81768,80.87262,no,,
CMP-2022-1201,2022-12-15 16:11:03,Mumbai,Investment Scam,6f49863186711e00,ICICI866150,Victim lured into fake crypto/stock investment platform and lost deposits.,18.99093,72.7812,no,,
CMP-2019-1202,2019-10-05 14:36:27,Jaipur,Investment Scam,3a22e24d9020bde2,YESB446198,Victim lured into fake crypto/stock investment platform and lost deposits.,26.9351,75.89332,no,,
CMP-2024-1203,2024-10-18 22:47:27,Coimbatore,Investment Scam,e1cdbc9c7f4f2737,BOB319473,Victim lured into fake crypto/stock investment platform and lost deposits.,10.91723,77.04081,no,,
CMP-2019-1204,2019-07-20 02:55:53,Madurai,Investment Scam,6aa1c340c4c73858,SBIN272824,Victim lured into fake crypto/stock investment platform and lost deposits.,9.91784,77.96987,yes,ATM-0027,2019-07-20 12:47:37
CMP-2023-1205,2023-11-04 15:36:46,Pune,OTP Scam,b6568c3e3d9a2273,PNB624681,Victim shared OTP with caller impersonating bank support; funds transferred.,18.5984,73.77893,yes,ATM-0198,2023-11-06 18:27:45
CMP-2021-1206,2021-02-16 18:52:47,Patna,SIM Swap,093e06d82db67995,CNRB181998,SIM swapped without consent; OTPs intercepted and account emptied.,25.70909,85.24026,no,,
CMP-2024-1207,2024-09-02 13:38:33,Patna,Lottery Scam,476373e6cbd3cbe0,SBIN980673,Victim paid processing fee for fake lottery winnings and lost money.,25.57527,85.12009,no,,
CMP-2020-1208,2020-07-02 22:20:41,Mumbai,SIM Swap,6772bd5fff5e00b2,KOTAK286659,SIM swapped without consent; OTPs intercepted and account emptied.,18.93359,72.83741,no,,
CMP-2023-1209,2023-01-08 01:20:09,Coimbatore,Loan Fraud,deb72d2d0fbee4d0,UNION686986,Fraudulent loan approved in victim's name; money diverted to mule account.,11.12969,77.08198,yes,ATM-0192,2023-01-08 14:13:27
CMP-2023-1210,2023-06-27 01:17:48,Chennai,Debit Card Fraud,c47b508b4383ea86,KOTAK651553,Card cloned at compromised POS terminal; cash withdrawn from ATM.,12.99117,80.29656,yes,ATM-0189,2023-06-29 19:14:05
CMP-2022-1211,2022-01-06 14:53:09,Chennai,Investment Scam,3c3958922d00a8d3,HDFC778657,Victim lured into fake crypto/stock investment platform and lost deposits.,13.01519,80.26432,yes,ATM-0357,2022-01-08 17:35:34
CMP-2020-1212,2020-08-23 17:09:24,Chennai,Investment Scam,150ccbc0bc499090,HDFC852908,Victim lured into fake crypto/stock investment platform and lost deposits.,13.21097,80.41987,no,,
CMP-2021-1213,2021-12-10 05:57:38,Ahmedabad,SIM Swap,3ea216f57736fe23,ICICI140048,SIM swapped without consent; OTPs intercepted and account emptied.,22.98336,72.60528,no,,
CMP-2023-1214,2023-03-27 01:21:05,Delhi,Credit Card Fraud,b67d3ad10d81b680,YESB974579,Card details skimmed online; multiple unauthorized international charges.,28.80784,76.96931,no,,
CMP-2019-1215,2019-05-17 13:19:21,Mumbai,SIM Swap,395cb9a486cfbc10,AXIS786927,SIM swapped without consent; OTPs intercepted and account emptied.,19.1102,72.7327,no,,
CMP-2024-1216,2024-02-02 11:19:39,Kolkata,Credit Card Fraud,40dff555e86a0cb9,KOTAK641422,Card details skimmed online; multiple unauthorized international charges.,22.42685,88.41325,yes,ATM-0342,2024-02-04 11:32:30
CMP-2019-1217,2019-05-23 07:35:18,Patna,SIM Swap,a58907977158c675,PNB188047,SIM swapped without consent; OTPs intercepted and account emptied.,25.49588,85.00095,no,,
CMP-2023-1218,2023-02-17 23:28:45,Pune,Credit Card Fraud,0478a5ca5731efe3,HDFC426279,Card details skimmed online; multiple unauthorized international charges.,18.45253,73.81191,yes,ATM-0291,2023-02-20 11:40:43
CMP-2019-1219,2019-07-08 15:13:54,Indore,OTP Scam,be855c13003012d8,ICICI194960,Victim shared OTP with caller impersonating bank support; funds transferred.,22.62435,75.73363,yes,ATM-0321,2019-07-11 12:46:00
CMP-2023-1220,2023-08-07 21:20:22,Madurai,Phishing,fee544e7d3038046,KOTAK582711,Victim received fraudulent email/SMS posing as bank and disclosed credentials.,9.79958,78.18708,yes,ATM-0349,2023-08-09 19:35:11
CMP-2024-1221,2024-05-29 03:22:55,Bengaluru,Credit Card Fraud,e7f65cc0ca473436,HDFC497735,Card details skimmed online; multiple unauthorized international charges.,13.03337,77.498,yes,ATM-0162,2024-05-30 09:11:20
CMP-2024-1222,2024-01-05 02:06:52,Hyderabad,Debit Card Fraud,640cacb0e2f2444a,PNB371952,Card cloned at compromised POS terminal; cash withdrawn from ATM.,17.44427,78.41606,no,,
CMP-2022-1223,2022-06-21 22:09:32,Kolkata,SIM Swap,d9275d94070d2243,SBIN138515,SIM swapped without consent; OTPs intercepted and account emptied.,22.7075,88.38947,yes,ATM-0292,2022-06-22 13:19:36
CMP-2023-1224,2023-03-19 11:49:32,Kolkata,Lottery Scam,be2663926224f672,KOTAK833640,Victim paid processing fee for fake lottery winnings and lost money.,22.71315,88.37938,no,,
CMP-2020-1225,2020-08-12 06:28:21,Jaipur,Debit Card Fraud,57d4096a9cc47882,AXIS590406,Card cloned at compromised POS terminal; cash withdrawn from ATM.,26.84065,75.91388,no,,
CMP-2022-1226,2022-10-14 18:28:51,Ahmedabad,Credit Card Fraud,2d53b11ae4ad6dd7,UNION438680,Card details skimmed online; multiple unauthorized international charges.,22.98418,72.53477,no,,
CMP-2019-1227,2019-03-16 03:57:25,Coimbatore,UPI Fraud,13a687b6f0c51dcb,KOTAK108281,Unauthorized UPI transaction initiated from victim's account via social engineering.,10.91443,76.94845,yes,ATM-0052,2019-03-16 17:25:44
CMP-2021-1228,2021-02-23 09:18:37,Delhi,OTP Scam,0d100ec6d20f36f3,SBIN888576,Victim shared OTP with caller impersonating bank support; funds transferred.,28.56062,77.19527,no,,
CMP-2022-1229,2022-06-15 22:33:14,Pune,Loan Fraud,53714a9567280ad3,AXIS364843,Fraudulent loan approved in victim's name; money diverted to mule account.,18.58741,73.88698,no,,
CMP-2021-1230,2021-05-28 22:14:05,Chennai,Debit Card Fraud,c1599afa4a8da844,CNRB213094,Card cloned at compromised POS terminal; cash withdrawn from ATM.,13.059,80.35292,no,,
CMP-2021-1231,2021-05-28 01:02:40,Chennai,Credit Card Fraud,a75a3f8a1673008f,SBIN415183,Card details skimmed online; multiple unauthorized international charges.,13.19868,80.41027,no,,
CMP-2020-1232,2020-03-10 19:56:00,Lucknow,Credit Card Fraud,b692771891aaa622,KOTAK926874,Card details skimmed online; multiple unauthorized international charges.,26.98467,81.0873,yes,ATM-0073,2020-03-13 05:38:26
CMP-2021-1233,2021-10-02 00:59:30,Delhi,OTP Scam,4dc8eaed25d870e2,SBIN310141,Victim shared OTP with caller impersonating bank support; funds transferred.,28.81899,77.04288,yes,ATM-0121,2021-10-04 14:45:02
CMP-2021-1234,2021-08-14 11:29:11,Coimbatore,Debit Card Fraud,5f9b64326216d9a6,CNRB986747,Card cloned at compromised POS terminal; cash withdrawn from ATM.,11.09948,76.80728,yes,ATM-0052,2021-08-15 21:23:02
CMP-2023-1235,2023-02-13 17:58:41,Coimbatore,Debit Card Fraud,c98f6e048f3e0222,YESB971730,Card cloned at compromised POS terminal; cash withdrawn from ATM.,11.00585,76.87862,no,,
CMP-2021-1236,2021-04-29 04:11:12,Kolkata,Credit Card Fraud,4149edb367d409e4,KOTAK396951,Card details skimmed online; multiple unauthorized international charges.,22.66854,88.43301,yes,ATM-0202,2021-04-30 18:38:34
CMP-2021-1237,2021-01-29 23:39:50,Surat,Investment Scam,1c1a4a78d52952c3,AXIS738081,Victim lured into fake crypto/stock investment platform and lost deposits.,21.07365,72.75165,yes,ATM-0257,2021-02-01 10:56:13
CMP-2022-1238,2022-08-30 18:01:48,Madurai,Loan Fraud,6bdf0198eb82e129,AXIS244787,Fraudulent loan approved in victim's name; money diverted to mule account.,9.92518,77.98307,yes,ATM-0048,2022-08-31 18:28:49
CMP-2022-1239,2022-12-04 00:17:55,Pune,Credit Card Fraud,566dc09a4afaf367,PNB505605,Card details skimmed online; multiple unauthorized international charges.,18.57298,73.8509,yes,ATM-0216,2022-12-04 13:13:26
CMP-2021-1240,2021-05-22 11:47:51,Jaipur,UPI Fraud,3d67a7eb702b3bf0,ICICI463108,Unauthorized UPI transaction initiated from victim's account via social engineering.,26.96822,75.66772,no,,
CMP-2023-1241,2023-10-27 13:53:12,Chennai,Credit Card Fraud,996bee341fd026ee,SBIN702597,Card details skimmed online; multiple unauthorized international charges.,13.08479,80.32659,yes,ATM-0335,2023-10-30 11:00:03
CMP-2021-1242,2021-05-30 03:10:15,Madurai,Phishing,b10e630df13a8cd4,YESB371213,Victim received fraudulent email/SMS posing as bank and disclosed credentials.,9.99782,78.00459,no,,
CMP-2024-1243,2024-06-12 21:21:37,Jaipur,KYC Fraud,ed77171a1d028f1d,BOB846610,Fraudster posing as bank official updated KYC and drained the account.,26.86292,75.79781,yes,ATM-0092,2024-06-15 19:58:23
CMP-2022-1244,2022-03-10 23:31:27,Pune,UPI Fraud,d06e1c64adeb8aad,HDFC453491,Unauthorized UPI transaction initiated from victim's account via social engineering.,18.65486,73.91897,yes,ATM-0264,2022-03-13 10:02:54
CMP-2023-1245,2023-05-14 05:37:51,Ahmedabad,Loan Fraud,92c242cf2fc2ffdd,BOB395398,Fraudulent loan approved in victim's name; money diverted to mule account.,22.88445,72.68177,no,,
CMP-2019-1246,2019-04-20 17:03:55,Lucknow,KYC Fraud,8fd1184b2d625a68,YESB453854,Fraudster posing as bank official updated KYC and drained the account.,26.8992,81.02625,yes,ATM-0137,2019-04-21 05:56:02
CMP-2021-1247,2021-02-20 22:27:35,Chennai,OTP Scam,d4607f7b92969129,PNB766876,Victim shared OTP with caller impersonating bank support; funds transferred.,12.94338,80.1542,no,,
CMP-2022-1248,2022-03-10 00:13:28,Pune,Debit Card Fraud,ce764c8d46b8bb19,ICICI660972,Card cloned at compromised POS terminal; cash withdrawn from ATM.,18.39877,73.92474,no,,
CMP-2021-1249,2021-08-02 12:59:28,Hyderabad,KYC Fraud,9ff33f9dd61ada59,UNION355958,Fraudster posing as bank official updated KYC and drained the account.,17.51063,78.60777,no,,
CMP-2023-1250,2023-12-03 16:25:00,Lucknow,OTP Scam,773456b2e4faa796,ICICI442452,Victim shared OTP with caller impersonating bank support; funds transferred.,26.80854,80.84023,no,,
CMP-2022-1251,2022-10-29 10:50:12,Indore,UPI Fraud,35c6adef4bc2ad4e,CNRB860636,Unauthorized UPI transaction initiated from victim's account via social engineering.,22.59323,75.98593,no,,
CMP-2021-1252,2021-07-14 18:18:45,Chennai,Credit Card Fraud,f137af3101d8858e,PNB856646,Card details skimmed online; multiple unauthorized international charges.,13.12857,80.38558,no,,
CMP-2021-1253,2021-08-07 15:45:39,Mumbai,Debit Card Fraud,ffa82b1a58569c0d,PNB417929,Card cloned at compromised POS terminal; cash withdrawn from ATM.,19.11067,72.88945,no,,
CMP-2023-1254,2023-03-02 02:49:02,Chennai,KYC Fraud,b3385224b8df4b11,BOB325663,Fraudster posing as bank official updated KYC and drained the account.,13.16092,80.25178,no,,
CMP-2023-1255,2023-09-02 06:35:56,Hyderabad,SIM Swap,31ea53e27c82486d,HDFC733992,SIM swapped without consent; OTPs intercepted and account emptied.,17.3546,78.39108,yes,ATM-0003,2023-09-03 11:54:58
CMP-2019-1256,2019-02-11 00:19:01,Pune,Credit Card Fraud,9df62b0f299c9a74,PNB584904,Card details skimmed online; multiple unauthorized international charges.,18.55012,73.99947,yes,ATM-0114,2019-02-11 16:30:16
CMP-2023-1257,2023-04-03 10:30:12,Bengaluru,UPI Fraud,8c43494956c4e900,PNB863535,Unauthorized UPI transaction initiated from victim's account via social engineering.,13.03521,77.69269,no,,
CMP-2022-1258,2022-10-22 18:53:08,Kolkata,SIM Swap,4298a7a10126e0c4,BOB684745,SIM swapped without consent; OTPs intercepted and account emptied.,22.42637,88.31608,yes,ATM-0228,2022-10-23 05:48:49
CMP-2024-1259,2024-02-15 21:27:19,Ahmedabad,Debit Card Fraud,22d35a2b7247438c,SBIN805676,Card cloned at compromised POS terminal; cash withdrawn from ATM.,22.98952,72.54228,no,,
CMP-2022-1260,2022-06-05 17:56:17,Mumbai,OTP Scam,d695780a0aa36a55,KOTAK187128,Victim shared OTP with caller impersonating bank support; funds transferred.,18.98827,73.02316,yes,ATM-0150,2022-06-07 23:59:59
CMP-2021-1261,2021-09-16 05:37:59,Ahmedabad,Phishing,77a338c4b4cbb679,UNION713350,Victim received fraudulent email/SMS posing as bank and disclosed credentials.,22.92252,72.52689,yes,ATM-0012,2021-09-18 11:43:59
CMP-2020-1262,2020-09-13 23:56:59,Coimbatore,OTP Scam,4a9b37df27691b9b,YESB663706,Victim shared OTP with caller impersonating bank support; funds transferred.,10.90631,76.98794,no,,
CMP-2019-1263,2019-08-01 11:35:13,Bengaluru,Debit Card Fraud,fc8df1d5ffd8d360,UNION403404,Card cloned at compromised POS terminal; cash withdrawn from ATM.,12.87519,77.49234,no,,
CMP-2023-1264,2023-05-29 04:52:55,Pune,SIM Swap,ced606c5e2377b28,KOTAK887775,SIM swapped without consent; OTPs intercepted and account emptied.,18.43573,73.97684,yes,ATM-0186,2023-05-31 02:15:42
CMP-2022-1265,2022-12-26 08:06:39,Surat,KYC Fraud,19a47afe8ee65a9c,CNRB658375,Fraudster posing as bank official updated KYC and drained the account.,21.13785,72.93882,no,,
CMP-2021-1266,2021-10-13 10:27:02,Patna,OTP Scam,6070ce2ef6fc9afb,SBIN519487,Victim shared OTP with caller impersonating bank support; funds transferred.,25.53062,85.1474,yes,ATM-0238,2021-10-15 09:41:47
CMP-2023-1267,2023-02-06 05:22:11,Mumbai,Loan Fraud,47c523f8ebb16de9,YESB538587,Fraudulent loan approved in victim's name; money diverted to mule account.,19.04909,72.91863,no,,
CMP-2019-1268,2019-10-31 14:40:20,Lucknow,SIM Swap,d8330a3e4ed1360b,UNION698301,SIM swapped without consent; OTPs intercepted and account emptied.,26.91634,81.07985,yes,ATM-0128,2019-11-01 02:39:26
CMP-2022-1269,2022-10-02 11:02:08,Surat,UPI Fraud,989f620555d157a1,HDFC879055,Unauthorized UPI transaction initiated from victim's account via social engineering.,21.2006,72.91806,yes,ATM-0262,2022-10-05 01:12:11
CMP-2024-1270,2024-02-07 00:38:57,Delhi,OTP Scam,bcffb23aa88e40cf,AXIS283722,Victim shared OTP with caller impersonating bank support; funds transferred.,28.69575,77.16634,yes,ATM-0068,2024-02-07 21:44:37
CMP-2024-1271,2024-05-13 17:31:49,Bengaluru,Investment Scam,155225a0f4b1a7c6,BOB356950,Victim lured into fake crypto/stock investment platform and lost deposits.,13.0267,77.5777,yes,ATM-0091,2024-05-16 15:34:20
CMP-2021-1272,2021-12-31 23:18:08,Mumbai,Investment Scam,a62d13fa8031d52d,KOTAK267003,Victim lured into fake crypto/stock investment platform and lost deposits.,18.99946,72.94431,yes,ATM-0384,2022-01-01 01:37:46
CMP-2023-1273,2023-01-23 00:39:25,Patna,SIM Swap,b70742ec99635237,YESB173783,SIM swapped without consent; OTPs intercepted and account emptied.,25.67901,85.27487,no,,
CMP-2022-1274,2022-03-23 07:33:45,Coimbatore,Investment Scam,761b66b75e7807f4,CNRB849484,Victim lured into fake crypto/stock investment platform and lost deposits.,10.87392,76.95004,no,,
CMP-2020-1275,2020-10-03 21:10:12,Pune,Phishing,3013a482dbfc665b,YESB851435,Victim received fraudulent email/SMS posing as bank and disclosed credentials.,18.64862,73.89548,yes,ATM-0064,2020-10-04 04:37:51
CMP-2024-1276,2024-01-30 22:20:56,Madurai,Investment Scam,34b7fcff4501f564,ICICI857065,Victim lured into fake crypto/stock investment platform and lost deposits.,9.82589,78.09367,yes,ATM-0125,2024-02-02 07:37:43
CMP-2020-1277,2020-04-05 07:06:31,Mumbai,KYC Fraud,9397a82787100ec7,ICICI580501,Fraudster posing as bank official updated KYC and drained the account.,19.19576,72.87517,yes,ATM-0134,2020-04-06 07:45:52
CMP-2023-1278,2023-02-19 00:35:00,Kolkata,OTP Scam,3d23b5c510b7a1ed,PNB695833,Victim shared OTP with caller impersonating bank support; funds transferred.,22.50519,88.22462,yes,ATM-0268,2023-02-19 21:21:01
CMP-2020-1279,2020-04-29 06:11:47,Kolkata,Investment Scam,2e7f1370b1531ec2,PNB421559,Victim lured into fake crypto/stock investment platform and lost deposits.,22.70604,88.26139,no,,
CMP-2021-1280,2021-11-07 08:22:41,Ahmedabad,Lottery Scam,c97fca041b1f66a8,SBIN253643,Victim paid processing fee for fake lottery winnings and lost money.,23.05473,72.67914,yes,ATM-0117,2021-11-07 10:23:40
CMP-2020-1281,2020-04-08 18:02:12,Hyderabad,Credit Card Fraud,5de5004ac0f31f48,HDFC372022,Card details skimmed online; multiple unauthorized international charges.,17.34425,78.48928,no,,
CMP-2022-1282,2022-02-06 08:21:20,Ahmedabad,Investment Scam,d90b13f2cc2c8413,KOTAK775127,Victim lured into fake crypto/stock investment platform and lost deposits.,22.91926,72.67718,yes,ATM-0192,2022-02-07 11:34:12
CMP-2024-1283,2024-07-22 01:06:42,Surat,Credit Card Fraud,4ab687cee9b25d58,BOB283906,Card details skimmed online; multiple unauthorized international charges.,21.1654,72.79506,no,,
CMP-2019-1284,2019-05-22 20:57:01,Bengaluru,Lottery Scam,a089c578ff82d3d4,AXIS257379,Victim paid processing fee for fake lottery winnings and lost money.,12.90509,77.678,no,,
CMP-2022-1285,2022-11-25 03:25:28,Kolkata,OTP Scam,751d5146d2079593,UNION769658,Victim shared OTP with caller impersonating bank support; funds transferred.,22.69449,88.46589,no,,
CMP-2023-1286,2023-09-12 17:52:11,Jaipur,Debit Card Fraud,ad3ef079d40a3acd,AXIS481220,Card cloned at compromised POS terminal; cash withdrawn from ATM.,26.96167,75.75685,yes,ATM-0169,2023-09-14 06:24:13
CMP-2020-1287,2020-08-17 19:09:56,Jaipur,SIM Swap,bef74f79390f656a,HDFC568328,SIM swapped without consent; OTPs intercepted and account emptied.,26.93241,75.71169,yes,ATM-0379,2020-08-18 08:19:08
CMP-2024-1288,2024-08-13 12:09:26,Patna,Debit Card Fraud,6d6368e038c5d71f,BOB286049,Card cloned at compromised POS terminal; cash withdrawn from ATM.,25.45617,85.17034,no,,
CMP-2019-1289,2019-07-20 04:01:55,Bengaluru,UPI Fraud,bff31cce7b1ae40c,CNRB417467,Unauthorized UPI transaction initiated from victim's account via social engineering.,12.83986,77.51288,no,,
CMP-2022-1290,2022-06-27 13:31:28,Ahmedabad,UPI Fraud,a8a25f8f43990fbf,HDFC434347,Unauthorized UPI transaction initiated from victim's account via social engineering.,23.1095,72.44332,no,,
CMP-2021-1291,2021-08-26 04:46:05,Ahmedabad,Debit Card Fraud,68f5eafac0de4d0e,CNRB718005,Card cloned at compromised POS terminal; cash withdrawn from ATM.,22.937,72.56757,no,,
CMP-2022-1292,2022-06-28 12:49:30,Patna,UPI Fraud,0a1c3ea246992200,BOB915158,Unauthorized UPI transaction initiated from victim's account via social engineering.,25.63689,85.16428,no,,
CMP-2023-1293,2023-07-14 09:28:32,Chennai,Lottery Scam,74c4537649f01b17,YESB730565,Victim paid processing fee for fake lottery winnings and lost money.,13.01392,80.31004,yes,ATM-0248,2023-07-15 22:29:53
CMP-2024-1294,2024-09-15 14:17:40,Hyderabad,Lottery Scam,cb32a003dc20fc05,AXIS457713,Victim paid processing fee for fake lottery winnings and lost money.,17.31759,78.50508,yes,ATM-0226,2024-09-15 22:19:14
CMP-2023-1295,2023-07-16 17:41:50,Delhi,OTP Scam,ca31cc442ff56e1e,KOTAK634299,Victim shared OTP with caller impersonating bank support; funds transferred.,28.69525,77.00144,yes,ATM-0222,2023-07-18 18:09:05
CMP-2019-1296,2019-07-27 04:45:44,Patna,OTP Scam,4954f942001a8e67,CNRB962514,Victim shared OTP with caller impersonating bank support; funds transferred.,25.4989,85.22124,no,,
CMP-2020-1297,2020-04-12 03:46:25,Jaipur,Lottery Scam,503fd3e09d9efc78,CNRB594797,Victim paid processing fee for fake lottery winnings and lost money.,26.79328,75.72732,no,,
CMP-2022-1298,2022-06-05 01:54:25,Delhi,KYC Fraud,ba8addc4a2174a11,AXIS903625,Fraudster posing as bank official updated KYC and drained the account.,28.67297,77.00403,yes,ATM-0340,2022-06-05 13:13:14
CMP-2024-1299,2024-09-27 03:28:47,Ahmedabad,Investment Scam,88c1ef78ad045c98,YESB917632,Victim lured into fake crypto/stock investment platform and lost deposits.,23.09044,72.49002,yes,ATM-0156,2024-09-28 06:10:36
CMP-2020-1300,2020-11-01 22:55:25,Coimbatore,KYC Fraud,222b137a9eb190b1,KOTAK571552,Fraudster posing as bank official updated KYC and drained the account.,10.95921,76.97479,no,,
CMP-2019-1301,2019-01-13 10:17:03,Pune,Phishing,1b1a072455b0d4b6,KOTAK777162,Victim received fraudulent email/SMS posing as bank and disclosed credentials.,18.61201,73.9992,no,,
CMP-2019-1302,2019-02-12 16:18:59,Coimbatore,Debit Card Fraud,72b0516cb52abed5,PNB409116,Card cloned at compromised POS terminal; cash withdrawn from ATM.,11.11657,76.8129,yes,ATM-0196,2019-02-13 15:45:57
CMP-2022-1303,2022-05-11 21:34:53,Bengaluru,Debit Card Fraud,71d799797de750e5,CNRB561481,Card cloned at compromised POS terminal; cash withdrawn from ATM.,13.07852,77.47665,yes,ATM-0167,2022-05-14 01:37:35
CMP-2024-1304,2024-08-24 19:31:43,Lucknow,OTP Scam,bbbf4e23bda2348e,YESB821211,Victim shared OTP with caller impersonating bank support; funds transferred.,26.98462,81.00815,yes,ATM-0311,2024-08-26 13:43:44
CMP-2019-1305,2019-05-10 23:06:56,Chennai,KYC Fraud,e6ebf7d1ed875557,CNRB487395,Fraudster posing as bank official updated KYC and drained the account.,13.06414,80.20597,no,,
CMP-2024-1306,2024-04-13 22:36:09,Mumbai,KYC Fraud,ed9882abf796a964,YESB964352,Fraudster posing as bank official updated KYC and drained the account.,18.97153,72.77283,yes,ATM-0103,2024-04-15 15:03:17
CMP-2021-1307,2021-08-18 05:31:36,Kolkata,Investment Scam,96c7aef1b2be7850,PNB683715,Victim lured into fake crypto/stock investment platform and lost deposits.,22.58191,88.30133,yes,ATM-0035,2021-08-20 20:13:08
CMP-2023-1308,2023-03-13 01:25:52,Coimbatore,KYC Fraud,e1876e78b3e9adfe,BOB883572,Fraudster posing as bank official updated KYC and drained the account.,11.13218,76.86104,no,,
CMP-2021-1309,2021-10-06 14:54:04,Kolkata,Debit Card Fraud,0b050c7a4456b5ca,PNB367762,Card cloned at compromised POS terminal; cash withdrawn from ATM.,22.60369,88.4937,yes,ATM-0329,2021-10-07 20:28:38
CMP-2021-1310,2021-05-18 07:27:31,Ahmedabad,Phishing,1c170cba616c6db5,CNRB163214,Victim received fraudulent email/SMS posing as bank and disclosed credentials.,23.14639,72.57508,yes,ATM-0224,2021-05-21 07:08:45
CMP-2024-1311,2024-10-03 21:30:20,Patna,KYC Fraud,f75a7fc0008f01ee,CNRB615909,Fraudster posing as bank official updated KYC and drained the account.,25.52889,85.08773,yes,ATM-0039,2024-10-05 14:12:28
CMP-2024-1312,2024-11-04 12:46:50,Madurai,UPI Fraud,8ff476f335f3aa0c,SBIN937383,Unauthorized UPI transaction initiated from victim's account via social engineering.,9.92925,78.22525,no,,
CMP-2021-1313,2021-10-23 08:48:22,Surat,Debit Card Fraud,eec3a10050353f1a,ICICI904378,Card cloned at compromised POS terminal; cash withdrawn from ATM.,21.22539,72.92643,no,,
CMP-2024-1314,2024-05-02 13:53:04,Coimbatore,Credit Card Fraud,53871487b08a96e0,KOTAK176573,Card details skimmed online; multiple unauthorized international charges.,10.9213,76.97837,no,,
CMP-2023-1315,2023-09-08 10:02:29,Coimbatore,Loan Fraud,aee1385ff8189244,YESB702656,Fraudulent loan approved in victim's name; money diverted to mule account.,10.95494,76.99291,yes,ATM-0005,2023-09-09 02:15:28
CMP-2021-1316,2021-07-24 21:14:13,Hyderabad,Debit Card Fraud,38d8746d1ba81337,KOTAK658224,Card cloned at compromised POS terminal; cash withdrawn from ATM.,17.37233,78.53632,no,,
CMP-2022-1317,2022-06-12 14:16:10,Kolkata,Investment Scam,6c9fdf948c886439,AXIS910540,Victim lured into fake crypto/stock investment platform and lost deposits.,22.46709,88.30644,yes,ATM-0274,2022-06-14 09:36:28
CMP-2024-1318,2024-01-25 17:36:58,Madurai,Credit Card Fraud,9f0de2e62c45850d,KOTAK172631,Card details skimmed online; multiple unauthorized international charges.,9.87344,78.0644,yes,ATM-0107,2024-01-26 08:08:19
CMP-2019-1319,2019-12-24 18:23:02,Hyderabad,Debit Card Fraud,d7911c76eb33b252,KOTAK128622,Card cloned at compromised POS terminal; cash withdrawn from ATM.,17.27619,78.60636,yes,ATM-0193,2019-12-24 20:12:52
CMP-2024-1320,2024-03-15 18:20:38,Patna,Debit Card Fraud,13e10b7921c97419,HDFC568516,Card cloned at compromised POS terminal; cash withdrawn from ATM.,25.57566,85.04719,no,,
CMP-2022-1321,2022-07-17 03:58:51,Mumbai,UPI Fraud,8a8e6626e74e10ea,CNRB706395,Unauthorized UPI transaction initiated from victim's account via social engineering.,19.14336,72.76421,no,,
CMP-2019-1322,2019-09-21 16:55:19,Ahmedabad,Investment Scam,03b0cb3d8452b7e0,KOTAK535293,Victim lured into fake crypto/stock investment platform and lost deposits.,22.92979,72.71695,no,,
CMP-2021-1323,2021-02-27 10:47:53,Hyderabad,SIM Swap,8b79a54e440d849b,BOB116929,SIM swapped without consent; OTPs intercepted and account emptied.,17.23718,78.57772,yes,ATM-0052,2021-02-28 12:20:07
CMP-2024-1324,2024-09-03 02:21:36,Patna,UPI Fraud,1599c79b1ffc8500,PNB340500,Unauthorized UPI transaction initiated from victim's account via social engineering.,25.74401,85.01294,no,,
CMP-2021-1325,2021-05-03 19:15:34,Ahmedabad,Phishing,efeb25f373eca45f,KOTAK147573,Victim received fraudulent email/SMS posing as bank and disclosed credentials.,22.91472,72.4961,no,,
CMP-2019-1326,2019-10-08 08:02:00,Delhi,Credit Card Fraud,96834c4b18c9ebd9,BOB899316,Card details skimmed online; multiple unauthorized international charges.,28.5658,77.13136,yes,ATM-0379,2019-10-10 07:37:19
CMP-2021-1327,2021-03-25 09:41:06,Pune,Credit Card Fraud,95cb294e69ac6afb,SBIN283120,Card details skimmed online; multiple unauthorized international charges.,18.65129,73.99629,no,,
CMP-2023-1328,2023-11-11 09:50:59,Delhi,KYC Fraud,8d69843262679e7e,SBIN131436,Fraudster posing as bank official updated KYC and drained the account.,28.70337,77.04432,no,,
CMP-2024-1329,2024-06-14 13:50:56,Hyderabad,Investment Scam,77d6f90350e0d779,HDFC921316,Victim lured into fake crypto/stock investment platform and lost deposits.,17.24275,78.34525,no,,
CMP-2023-1330,2023-05-30 06:39:17,Delhi,Loan Fraud,6231735c8752590f,CNRB495351,Fraudulent loan approved in victim's name; money diverted to mule account.,28.78285,77.16926,yes,ATM-0052,2023-05-30 07:43:49
CMP-2024-1331,2024-05-19 17:46:13,Mumbai,Loan Fraud,d0309a8fd1aca389,ICICI598796,Fraudulent loan approved in victim's name; money diverted to mule account.,19.06533,72.85222,no,,
CMP-2021-1332,2021-08-22 22:49:33,Patna,Investment Scam,1761e81afd843ab3,HDFC426558,Victim lured into fake crypto/stock investment platform and lost deposits.,25.58697,85.25746,yes,ATM-0166,2021-08-24 22:05:05
CMP-2021-1333,2021-03-11 23:48:07,Lucknow,UPI Fraud,e77748fdaf1c1741,BOB885088,Unauthorized UPI transaction initiated from victim's account via social engineering.,26.94603,80.96757,yes,ATM-0264,2021-03-12 09:08:53
CMP-2024-1334,2024-08-26 13:19:53,Bengaluru,UPI Fraud,0deed4b47cc0e4be,ICICI852110,Unauthorized UPI transaction initiated from victim's account via social engineering.,12.94275,77.71068,yes,ATM-0116,2024-08-27 07:22:47
CMP-2023-1335,2023-05-19 11:54:42,Hyderabad,KYC Fraud,15977c366bf9644b,BOB800822,Fraudster posing as bank official updated KYC and drained the account.,17.41224,78.49177,no,,
CMP-2020-1336,2020-08-07 09:30:48,Indore,Credit Card Fraud,cce06e1045221a15,YESB492975,Card details skimmed online; multiple unauthorized international charges.,22.76796,75.88151,no,,
CMP-2019-1337,2019-03-16 23:42:13,Indore,Loan Fraud,e7d5b92cec9015c3,HDFC932773,Fraudulent loan approved in victim's name; money diverted to mule account.,22.62897,75.76235,yes,ATM-0018,2019-03-19 11:51:04
CMP-2020-1338,2020-06-05 02:01:02,Pune,KYC Fraud,33ac0dbdc9520ecc,UNION604130,Fraudster posing as bank official updated KYC and drained the account.,18.51555,73.80987,no,,
CMP-2023-1339,2023-11-26 00:34:30,Lucknow,Loan Fraud,2719528db84f345c,AXIS575207,Fraudulent loan approved in victim's name; money diverted to mule account.,26.88309,80.95996,yes,ATM-0144,2023-11-27 23:46:06
CMP-2022-1340,2022-02-01 05:59:23,Kolkata,KYC Fraud,f8ec783c270897a5,PNB457546,Fraudster posing as bank official updated KYC and drained the account.,22.6647,88.36011,no,,
CMP-2022-1341,2022-12-24 04:14:11,Surat,KYC Fraud,82d2f01641193e68,CNRB375632,Fraudster posing as bank official updated KYC and drained the account.,21.03914,72.79073,no,,
CMP-2024-1342,2024-10-14 18:36:02,Delhi,UPI Fraud,56574cbcd8c1f26b,BOB970399,Unauthorized UPI transaction initiated from victim's account via social engineering.,28.58744,77.11764,yes,ATM-0178,2024-10-15 16:42:24
CMP-2021-1343,2021-08-13 15:15:12,Mumbai,SIM Swap,1b168931039060aa,YESB959860,SIM swapped without consent; OTPs intercepted and account emptied.,19.20837,73.02726,yes,ATM-0349,2021-08-14 07:13:37
CMP-2019-1344,2019-02-06 15:09:51,Coimbatore,KYC Fraud,d811c6194a29ab8d,UNION917823,Fraudster posing as bank official updated KYC and drained the account.,10.91233,77.06378,no,,
CMP-2023-1345,2023-10-20 08:52:16,Kolkata,SIM Swap,9c0437dcc1862cd6,CNRB274853,SIM swapped without consent; OTPs intercepted and account emptied.,22.53494,88.24394,yes,ATM-0325,2023-10-22 22:42:54
CMP-2020-1346,2020-05-10 17:31:26,Indore,Credit Card Fraud,f2ddd1009b83bc00,UNION544612,Card details skimmed online; multiple unauthorized international charges.,22.82709,75.79123,no,,
CMP-2024-1347,2024-09-10 00:54:38,Hyderabad,Loan Fraud,d477c95d23d68680,YESB599694,Fraudulent loan approved in victim's name; money diverted to mule account.,17.3754,78.37754,no,,
CMP-2019-1348,2019-01-01 18:35:39,Hyderabad,SIM Swap,6b10d796b8a8db6b,PNB318895,SIM swapped without consent; OTPs intercepted and account emptied.,17.51192,78.52064,no,,
CMP-2019-1349,2019-05-10 18:08:29,Pune,Credit Card Fraud,bc32d0eebefba253,BOB962392,Card details skimmed online; multiple unauthorized international charges.,18.41848,73.99833,no,,
CMP-2024-1350,2024-11-13 13:22:48,Pune,Credit Card Fraud,37261c718d3838f4,YESB509992,Card details skimmed online; multiple unauthorized international charges.,18.54782,73.78127,yes,ATM-0116,2024-11-16 10:44:30
CMP-2020-1351,2020-08-28 04:38:25,Indore,Loan Fraud,3f90cc0ab9669f9f,UNION804975,Fraudulent loan approved in victim's name; money diverted to mule account.,22.61515,75.84071,no,,
CMP-2023-1352,2023-07-25 10:34:49,Chennai,UPI Fraud,493a0936f81908c2,PNB649706,Unauthorized UPI transaction initiated from victim's account via social engineering.,12.96348,80.30926,no,,
CMP-2022-1353,2022-12-17 23:36:02,Hyderabad,UPI Fraud,ba0d6ac7f4cfbd82,UNION576438,Unauthorized UPI transaction initiated from victim's account via social engineering.,17.2811,78.60077,no,,
CMP-2023-1354,2023-04-27 12:50:18,Indore,Lottery Scam,5727e8f1bb424761,YESB978683,Victim paid processing fee for fake lottery winnings and lost money.,22.83694,75.74155,no,,
CMP-2022-1355,2022-07-05 16:30:48,Indore,OTP Scam,313f69104dd46019,PNB335545,Victim shared OTP with caller impersonating bank support; funds transferred.,22.72645,75.73427,no,,
CMP-2024-1356,2024-10-03 18:40:32,Patna,KYC Fraud,8068ee2c6d8d685a,BOB977353,Fraudster posing as bank official updated KYC and drained the account.,25.65458,85.11734,yes,ATM-0054,2024-10-06 08:58:03
CMP-2020-1357,2020-09-05 22:13:27,Coimbatore,Lottery Scam,bd839d48ba91cff5,CNRB444802,Victim paid processing fee for fake lottery winnings and lost money.,10.99269,77.05669,no,,
CMP-2019-1358,2019-07-02 01:22:52,Mumbai,OTP Scam,224263ecb5abbcd3,UNION619020,Victim shared OTP with caller impersonating bank support; funds transferred.,18.99242,72.85783,yes,ATM-0363,2019-07-03 12:30:26
CMP-2022-1359,2022-08-22 03:35:25,Lucknow,Loan Fraud,f1b367ca121ef11c,CNRB799984,Fraudulent loan approved in victim's name; money diverted to mule account.,26.81148,80.9767,no,,
CMP-2023-1360,2023-10-05 18:39:38,Mumbai,Investment Scam,a36584e4c8b057f0,ICICI901144,Victim lured into fake crypto/stock investment platform and lost deposits.,18.99758,72.90174,no,,
CMP-2022-1361,2022-08-15 22:31:22,Patna,Loan Fraud,11b591f204ca235b,HDFC464175,Fraudulent loan approved in victim's name; money diverted to mule account.,25.63823,85.11967,no,,
CMP-2024-1362,2024-03-06 17:37:04,Chennai,Loan Fraud,dd84de85dd648b62,YESB801569,Fraudulent loan approved in victim's name; money diverted to mule account.,13.20512,80.18551,yes,ATM-0323,2024-03-09 13:43:35
CMP-2019-1363,2019-08-05 11:31:12,Indore,Loan Fraud,d2520dc24d0f7a47,HDFC864472,Fraudulent loan approved in victim's name; money diverted to mule account.,22.70659,75.97498,yes,ATM-0350,2019-08-06 12:17:29
CMP-2024-1364,2024-11-03 02:42:27,Bengaluru,Lottery Scam,5d29de2546a7d5b9,HDFC440275,Victim paid processing fee for fake lottery winnings and lost money.,12.95906,77.74189,yes,ATM-0083,2024-11-03 17:46:59
CMP-2023-1365,2023-08-16 20:12:55,Jaipur,KYC Fraud,f6b4e05eb415504c,YESB889912,Fraudster posing as bank official updated KYC and drained the account.,26.86696,75.88194,no,,
CMP-2024-1366,2024-02-20 21:53:31,Kolkata,KYC Fraud,c4553720f2115407,CNRB875798,Fraudster posing as bank official updated KYC and drained the account.,22.66415,88.50367,yes,ATM-0157,2024-02-21 05:11:08
CMP-2023-1367,2023-05-01 18:31:40,Surat,Loan Fraud,d8da698d8886b22a,UNION621344,Fraudulent loan approved in victim's name; money diverted to mule account.,21.21204,72.90807,yes,ATM-0363,2023-05-03 05:28:47
CMP-2021-1368,2021-01-08 08:52:25,Ahmedabad,KYC Fraud,f51a01929df2a963,SBIN276730,Fraudster posing as bank official updated KYC and drained the account.,22.96933,72.45484,no,,
CMP-2024-1369,2024-06-14 05:56:01,Coimbatore,SIM Swap,38d28985a9656f54,CNRB664400,SIM swapped without consent; OTPs intercepted and account emptied.,10.92017,76.99134,yes,ATM-0048,2024-06-14 12:27:10
CMP-2022-1370,2022-08-03 03:37:19,Indore,Loan Fraud,6b9ea2742e28a342,SBIN850663,Fraudulent loan approved in victim's name; money diverted to mule account.,22.67165,75.81384,yes,ATM-0198,2022-08-03 11:04:59
CMP-2024-1371,2024-09-25 18:14:44,Patna,Lottery Scam,2275f3807d6eab66,UNION186205,Victim paid processing fee for fake lottery winnings and lost money.,25.54125,85.05505,no,,
CMP-2020-1372,2020-06-22 18:35:40,Delhi,Lottery Scam,37425b71206d691b,BOB335372,Victim paid processing fee for fake lottery winnings and lost money.,28.80407,77.24748,yes,ATM-0116,2020-06-24 02:18:00
CMP-2023-1373,2023-11-14 01:14:51,Delhi,Phishing,15c55d2b7ffdc031,AXIS121783,Victim received fraudulent email/SMS posing as bank and disclosed credentials.,28.81136,77.09748,yes,ATM-0285,2023-11-15 16:56:09
CMP-2022-1374,2022-05-29 16:13:06,Pune,Credit Card Fraud,b4fa97b43ed47a7d,UNION519028,Card details skimmed online; multiple unauthorized international charges.,18.55858,73.97328,no,,
CMP-2023-1375,2023-06-25 05:21:05,Coimbatore,KYC Fraud,7dfa952bee6e0795,PNB552266,Fraudster posing as bank official updated KYC and drained the account.,10.97787,77.07582,no,,
CMP-2020-1376,2020-12-02 11:00:57,Kolkata,UPI Fraud,327bee0e9290ff9b,SBIN437287,Unauthorized UPI transaction initiated from victim's account via social engineering.,22.68058,88.50978,yes,ATM-0276,2020-12-04 04:42:03
CMP-2019-1377,2019-07-31 16:44:24,Indore,SIM Swap,d99ba6d1eeea8740,BOB661365,SIM swapped without consent; OTPs intercepted and account emptied.,22.66365,75.94988,no,,
CMP-2023-1378,2023-04-27 18:04:00,Coimbatore,SIM Swap,a51bbedfe2c9aaac,AXIS587888,SIM swapped without consent; OTPs intercepted and account emptied.,10.94754,77.05678,no,,
CMP-2021-1379,2021-08-17 09:00:22,Lucknow,Loan Fraud,418151dc9439be5f,SBIN123189,Fraudulent loan approved in victim's name; money diverted to mule account.,26.86469,80.9639,yes,ATM-0178,2021-08-18 19:19:23
CMP-2023-1380,2023-03-28 12:33:11,Mumbai,KYC Fraud,e4522b48f9f2c540,PNB697429,Fraudster posing as bank official updated KYC and drained the account.,19.0016,72.99666,yes,ATM-0307,2023-03-29 23:53:29
CMP-2023-1381,2023-03-23 22:35:23,Delhi,Loan Fraud,408efbe84a00a8e3,BOB424875,Fraudulent loan approved in victim's name; money diverted to mule account.,28.71562,77.1549,yes,ATM-0292,2023-03-26 08:04:32
CMP-2022-1382,2022-01-17 22:18:07,Pune,Credit Card Fraud,0d37a87104ae7ea4,CNRB814417,Card details skimmed online; multiple unauthorized international charges.,18.54646,73.96552,no,,
CMP-2019-1383,2019-04-27 01:25:22,Madurai,KYC Fraud,ba50ca9463c8a5e1,ICICI912248,Fraudster posing as bank official updated KYC and drained the account.,10.06841,78.15396,no,,
CMP-2023-1384,2023-05-20 06:19:11,Coimbatore,Debit Card Fraud,05e5c4da1510dc11,UNION911319,Card cloned at compromised POS terminal; cash withdrawn from ATM.,11.09445,76.8596,yes,ATM-0333,2023-05-23 01:11:43
CMP-2023-1385,2023-05-16 12:13:54,Kolkata,UPI Fraud,3d78c83b18208f4d,YESB701885,Unauthorized UPI transaction initiated from victim's account via social engineering.,22.63288,88.41951,no,,
CMP-2021-1386,2021-04-15 09:47:26,Ahmedabad,Credit Card Fraud,731548b2548fe660,SBIN200519,Card details skimmed online; multiple unauthorized international charges.,22.96586,72.47462,yes,ATM-0130,2021-04-16 21:46:03
CMP-2020-1387,2020-02-09 09:14:18,Pune,Debit Card Fraud,54f959e6844a65b5,KOTAK778664,Card cloned at compromised POS terminal; cash withdrawn from ATM.,18.5603,73.80862,no,,
CMP-2022-1388,2022-02-21 19:02:12,Chennai,Investment Scam,522d7e6912742a4c,CNRB162019,Victim lured into fake crypto/stock investment platform and lost deposits.,13.13751,80.14935,yes,ATM-0271,2022-02-21 19:56:32
CMP-2020-1389,2020-12-17 03:35:18,Hyderabad,Phishing,1c8ae26af27b8822,UNION690730,Victim received fraudulent email/SMS posing as bank and disclosed credentials.,17.34745,78.35752,yes,ATM-0326,2020-12-19 00:17:28
CMP-2020-1390,2020-02-03 07:04:19,Bengaluru,KYC Fraud,d036e36ad01e16d4,SBIN728850,Fraudster posing as bank official updated KYC and drained the account.,12.93385,77.49768,yes,ATM-0091,2020-02-04 19:35:59
CMP-2023-1391,2023-11-20 06:23:01,Ahmedabad,Phishing,8c49b578df538d09,HDFC663703,Victim received fraudulent email/SMS posing as bank and disclosed credentials.,23.13897,72.65949,yes,ATM-0160,2023-11-23 01:42:21
CMP-2019-1392,2019-08-25 03:14:11,Surat,Credit Card Fraud,8bb408655bafb1f6,CNRB275516,Card details skimmed online; multiple unauthorized international charges.,21.29027,72.8304,no,,
CMP-2024-1393,2024-12-25 04:13:36,Indore,KYC Fraud,b1371d1465484559,CNRB972174,Fraudster posing as bank official updated KYC and drained the account.,22.68625,75.84208,yes,ATM-0284,2024-12-25 08:56:24
CMP-2020-1394,2020-06-23 11:20:47,Delhi,Debit Card Fraud,5cb126eea93ce17f,BOB297488,Card cloned at compromised POS terminal; cash withdrawn from ATM.,28.79232,76.96498,yes,ATM-0246,2020-06-25 21:43:55
CMP-2024-1395,2024-06-16 01:59:07,Coimbatore,Investment Scam,33698296d9f34059,CNRB195371,Victim lured into fake crypto/stock investment platform and lost deposits.,11.06585,76.90197,no,,
CMP-2022-1396,2022-06-14 00:21:50,Jaipur,SIM Swap,d2bd302450d13c9f,CNRB774442,SIM swapped without consent; OTPs intercepted and account emptied.,26.82268,75.73339,yes,ATM-0102,2022-06-14 21:27:25
CMP-2022-1397,2022-10-04 07:25:27,Pune,Loan Fraud,71e9374d5ec1e958,ICICI614290,Fraudulent loan approved in victim's name; money diverted to mule account.,18.37755,73.738,no,,
CMP-2022-1398,2022-08-28 18:31:53,Hyderabad,OTP Scam,46823c75900c0d80,PNB908287,Victim shared OTP with caller impersonating bank support; funds transferred.,17.44022,78.35323,no,,
CMP-2020-1399,2020-02-17 01:56:27,Mumbai,Lottery Scam,f497f200fcb2eaec,UNION669153,Victim paid processing fee for fake lottery winnings and lost money.,18.97801,72.8218,yes,ATM-0015,2020-02-17 05:20:23
CMP-2020-1400,2020-10-25 18:06:30,Bengaluru,KYC Fraud,f416d31fa197c92f,HDFC963760,Fraudster posing as bank official updated KYC and drained the account.,13.06922,77.70671,no,,
CMP-2022-1401,2022-02-22 01:11:51,Delhi,SIM Swap,42233268c0632f13,HDFC324912,SIM swapped without consent; OTPs intercepted and account emptied.,28.5837,77.23749,no,,
CMP-2023-1402,2023-04-10 21:23:52,Mumbai,Debit Card Fraud,e919a857c1f97b8c,AXIS698889,Card cloned at compromised POS terminal; cash withdrawn from ATM.,19.11813,72.73238,no,,
CMP-2020-1403,2020-03-27 09:52:23,Coimbatore,UPI Fraud,fc2fc0fbb877dc88,HDFC352064,Unauthorized UPI transaction initiated from victim's account via social engineering.,11.06468,77.08037,yes,ATM-0091,2020-03-30 08:56:35
CMP-2023-1404,2023-12-17 00:28:23,Kolkata,Loan Fraud,8d8f5d8f557cf837,SBIN248551,Fraudulent loan approved in victim's name; money diverted to mule account.,22.60223,88.40043,yes,ATM-0217,2023-12-19 01:27:41
CMP-2023-1405,2023-04-05 23:42:25,Indore,Lottery Scam,8214be2157eea50f,PNB529080,Victim paid processing fee for fake lottery winnings and lost money.,22.77668,75.83247,yes,ATM-0143,2023-04-08 12:22:35
CMP-2020-1406,2020-02-20 04:29:05,Madurai,OTP Scam,c04e7a3b5067bf04,UNION110936,Victim shared OTP with caller impersonating bank support; funds transferred.,9.96316,78.08844,no,,
CMP-2021-1407,2021-09-11 00:57:26,Surat,Debit Card Fraud,42e00a247037bb11,ICICI220878,Card cloned at compromised POS terminal; cash withdrawn from ATM.,21.06788,72.91846,yes,ATM-0275,2021-09-12 00:31:43
CMP-2024-1408,2024-08-29 05:10:05,Hyderabad,Loan Fraud,7439eae10ac3e8f1,CNRB400353,Fraudulent loan approved in victim's name; money diverted to mule account.,17.32041,78.50773,yes,ATM-0062,2024-08-30 09:36:05
CMP-2024-1409,2024-04-24 08:22:16,Bengaluru,UPI Fraud,81e9dfd12b9a276e,BOB310541,Unauthorized UPI transaction initiated from victim's account via social engineering.,12.85973,77.74327,no,,
CMP-2019-1410,2019-08-28 13:44:21,Bengaluru,Phishing,bb482a430afd862d,YESB293439,Victim received fraudulent email/SMS posing as bank and disclosed credentials.,12.84668,77.65269,yes,ATM-0224,2019-08-30 10:02:32
CMP-2021-1411,2021-08-17 21:30:02,Delhi,OTP Scam,682a5652a789d8c5,HDFC795076,Victim shared OTP with caller impersonating bank support; funds transferred.,28.83418,77.18254,yes,ATM-0108,2021-08-20 01:41:38
CMP-2019-1412,2019-04-06 20:57:54,Chennai,Credit Card Fraud,6ce4234ab8210284,PNB284055,Card details skimmed online; multiple unauthorized international charges.,13.03774,80.18089,no,,
CMP-2021-1413,2021-05-07 08:44:35,Delhi,Lottery Scam,18ee856e506f87bf,ICICI336176,Victim paid processing fee for fake lottery winnings and lost money.,28.60929,77.0108,no,,
CMP-2021-1414,2021-08-19 13:37:25,Patna,OTP Scam,25ecf1bc9d41f997,AXIS730886,Victim shared OTP with caller impersonating bank support; funds transferred.,25.60267,85.15466,yes,ATM-0163,2021-08-19 17:42:25
CMP-2023-1415,2023-02-09 07:34:06,Pune,SIM Swap,11fdd5a40904fe9d,HDFC748634,SIM swapped without consent; OTPs intercepted and account emptied.,18.58654,73.92392,yes,ATM-0020,2023-02-09 17:53:58
CMP-2019-1416,2019-08-16 09:49:47,Bengaluru,Phishing,650b7a3d51c00a90,HDFC690045,Victim received fraudulent email/SMS posing as bank and disclosed credentials.,12.83913,77.56086,no,,
CMP-2024-1417,2024-02-21 16:38:47,Madurai,Phishing,062b387f30b7960e,CNRB177514,Victim received fraudulent email/SMS posing as bank and disclosed credentials.,9.78114,78.217,no,,
CMP-2022-1418,2022-06-06 03:19:42,Pune,Lottery Scam,8f0c687e6ac1104b,UNION505554,Victim paid processing fee for fake lottery winnings and lost money.,18.5053,73.93112,no,,
CMP-2022-1419,2022-09-04 05:24:19,Kolkata,OTP Scam,eba01b8f3efb0a7a,SBIN576287,Victim shared OTP with caller impersonating bank support; funds transferred.,22.58354,88.32194,yes,ATM-0327,2022-09-06 10:02:09
CMP-2024-1420,2024-10-11 00:28:44,Pune,Lottery Scam,cbec30d1e5146d03,KOTAK875952,Victim paid processing fee for fake lottery winnings and lost money.,18.37668,73.94834,yes,ATM-0236,2024-10-12 06:01:32
CMP-2024-1421,2024-04-11 15:40:02,Patna,Debit Card Fraud,5e45a98143d4de10,SBIN980945,Card cloned at compromised POS terminal; cash withdrawn from ATM.,25.63205,85.05003,yes,ATM-0214,2024-04-13 00:49:45
CMP-2021-1422,2021-09-18 00:21:51,Pune,OTP Scam,e154c754ce30ba98,KOTAK441847,Victim shared OTP with caller impersonating bank support; funds transferred.,18.57001,73.74663,no,,
CMP-2020-1423,2020-06-23 00:02:17,Coimbatore,Debit Card Fraud,523a6ea624b6ee63,AXIS864733,Card cloned at compromised POS terminal; cash withdrawn from ATM.,11.0646,76.99146,no,,
CMP-2022-1424,2022-04-16 02:50:19,Madurai,Loan Fraud,535a3308909ffcbf,PNB323885,Fraudulent loan approved in victim's name; money diverted to mule account.,9.89305,78.11087,no,,
CMP-2021-1425,2021-09-18 00:47:05,Indore,Investment Scam,538c333aa912d604,HDFC309096,Victim lured into fake crypto/stock investment platform and lost deposits.,22.63475,75.87321,yes,ATM-0197,2021-09-20 20:15:27
CMP-2021-1426,2021-08-04 00:55:13,Ahmedabad,Phishing,3830628f9a0f01fb,AXIS504719,Victim received fraudulent email/SMS posing as bank and disclosed credentials.,23.04272,72.4731,no,,
CMP-2023-1427,2023-01-31 06:15:24,Madurai,Credit Card Fraud,b7509d16a9446a5c,YESB703003,Card details skimmed online; multiple unauthorized international charges.,10.00976,78.02914,yes,ATM-0240,2023-01-31 23:56:49
CMP-2023-1428,2023-06-06 23:28:46,Madurai,OTP Scam,666568979f0e185c,UNION900475,Victim shared OTP with caller impersonating bank support; funds transferred.,9.9589,78.1904,no,,
CMP-2023-1429,2023-01-21 12:44:37,Madurai,UPI Fraud,c51849ca582de2ef,HDFC109089,Unauthorized UPI transaction initiated from victim's account via social engineering.,10.05125,78.23064,yes,ATM-0047,2023-01-22 11:18:03
CMP-2024-1430,2024-05-29 20:26:55,Bengaluru,Credit Card Fraud,839524e409318abb,PNB981515,Card details skimmed online; multiple unauthorized international charges.,12.84141,77.63157,yes,ATM-0229,2024-05-31 06:39:18
CMP-2023-1431,2023-03-22 14:16:17,Hyderabad,Lottery Scam,4f96db2bf55ecc79,CNRB267575,Victim paid processing fee for fake lottery winnings and lost money.,17.50525,78.38231,yes,ATM-0273,2023-03-25 07:48:29
CMP-2021-1432,2021-06-16 14:36:26,Jaipur,SIM Swap,43fe20a7be5e8148,BOB833859,SIM swapped without consent; OTPs intercepted and account emptied.,27.05739,75.84429,no,,
CMP-2024-1433,2024-11-08 16:32:33,Surat,Credit Card Fraud,45c0b6ea9717ad42,ICICI892381,Card details skimmed online; multiple unauthorized international charges.,21.03201,72.94517,no,,
CMP-2021-1434,2021-11-10 20:15:37,Madurai,Phishing,80f5a31077cc4d06,KOTAK562355,Victim received fraudulent email/SMS posing as bank and disclosed credentials.,9.95067,78.02435,no,,
CMP-2024-1435,2024-10-26 22:04:55,Surat,Investment Scam,d862c41980fdf518,KOTAK189139,Victim lured into fake crypto/stock investment platform and lost deposits.,21.28615,72.70177,yes,ATM-0154,2024-10-28 22:51:10
CMP-2024-1436,2024-07-01 15:07:06,Mumbai,Debit Card Fraud,7ef6cbf1445837a4,KOTAK406550,Card cloned at compromised POS terminal; cash withdrawn from ATM.,19.13942,73.01233,yes,ATM-0309,2024-07-04 13:56:08
CMP-2021-1437,2021-12-19 23:55:42,Lucknow,Investment Scam,68b99ac83a726e27,SBIN482956,Victim lured into fake crypto/stock investment platform and lost deposits.,26.95208,80.85381,yes,ATM-0267,2021-12-22 17:02:12
CMP-2019-1438,2019-02-21 08:47:50,Kolkata,Credit Card Fraud,6ca92a82e6e01ea1,AXIS834543,Card details skimmed online; multiple unauthorized international charges.,22.51459,88.34858,yes,ATM-0021,2019-02-22 04:26:29
CMP-2024-1439,2024-12-20 06:09:52,Surat,OTP Scam,ea14b3691b5565e3,ICICI449090,Victim shared OTP with caller impersonating bank support; funds transferred.,21.18558,72.72029,no,,
CMP-2022-1440,2022-09-29 13:20:13,Coimbatore,Investment Scam,de2c9c5fa630286a,PNB499162,Victim lured into fake crypto/stock investment platform and lost deposits.,10.92669,76.94684,yes,ATM-0356,2022-10-01 13:42:51
CMP-2023-1441,2023-03-07 19:28:50,Kolkata,KYC Fraud,0313730f0b0afcdf,CNRB995092,Fraudster posing as bank official updated KYC and drained the account.,22.7207,88.34125,no,,
CMP-2019-1442,2019-10-17 22:58:24,Kolkata,Lottery Scam,4a52709474990629,AXIS612575,Victim paid processing fee for fake lottery winnings and lost money.,22.50709,88.23889,yes,ATM-0344,2019-10-18 05:04:43
CMP-2022-1443,2022-12-30 16:38:55,Kolkata,SIM Swap,d4aa36068f10426f,HDFC950138,SIM swapped without consent; OTPs intercepted and account emptied.,22.46116,88.44252,yes,ATM-0091,2022-12-31 19:31:58
CMP-2019-1444,2019-12-04 10:15:29,Madurai,Debit Card Fraud,88ddc8ec51c620bd,ICICI179074,Card cloned at compromised POS terminal; cash withdrawn from ATM.,9.77809,77.97383,no,,
CMP-2024-1445,2024-03-21 12:28:19,Lucknow,UPI Fraud,5086c40d60935400,UNION756541,Unauthorized UPI transaction initiated from victim's account via social engineering.,26.98639,81.08693,no,,
CMP-2020-1446,2020-12-26 00:04:44,Surat,UPI Fraud,84cdd58c438b20af,ICICI158894,Unauthorized UPI transaction initiated from victim's account via social engineering.,21.23144,72.74096,no,,
CMP-2019-1447,2019-06-27 19:29:09,Mumbai,UPI Fraud,3cbbcd1a81c3c204,YESB930045,Unauthorized UPI transaction initiated from victim's account via social engineering.,19.13168,72.79077,no,,
CMP-2021-1448,2021-04-27 16:47:58,Surat,SIM Swap,ab6f1cd2927643f3,BOB957264,SIM swapped without consent; OTPs intercepted and account emptied.,21.07939,72.97748,no,,
CMP-2020-1449,2020-02-12 16:02:08,Hyderabad,Investment Scam,deb57995d9c4035a,BOB293910,Victim lured into fake crypto/stock investment platform and lost deposits.,17.38728,78.36057,no,,
CMP-2020-1450,2020-07-30 19:20:51,Indore,SIM Swap,185a6b33ba148e0f,AXIS833968,SIM swapped without consent; OTPs intercepted and account emptied.,22.6068,75.9362,yes,ATM-0165,2020-08-02 01:48:01
CMP-2020-1451,2020-05-13 22:11:39,Pune,Investment Scam,b10f5dbfad299d85,UNION532308,Victim lured into fake crypto/stock investment platform and lost deposits.,18.5224,73.79232,yes,ATM-0177,2020-05-16 03:08:46
CMP-2022-1452,2022-03-08 10:29:08,Surat,Lottery Scam,b6fe80dea8a82308,SBIN167793,Victim paid processing fee for fake lottery winnings and lost money.,21.03869,72.82928,no,,
CMP-2019-1453,2019-05-13 08:16:57,Madurai,Loan Fraud,b3c7a184b2c8c0ef,BOB112581,Fraudulent loan approved in victim's name; money diverted to mule account.,10.06835,78.17215,yes,ATM-0186,2019-05-15 10:32:39
CMP-2022-1454,2022-08-19 15:58:21,Mumbai,Investment Scam,1600473a057e5c06,KOTAK572684,Victim lured into fake crypto/stock investment platform and lost deposits.,19.03343,72.97099,yes,ATM-0154,2022-08-21 22:56:17
CMP-2020-1455,2020-11-17 19:45:08,Coimbatore,Debit Card Fraud,62f8b221e34ac984,UNION278837,Card cloned at compromised POS terminal; cash withdrawn from ATM.,10.87961,76.91167,no,,
CMP-2021-1456,2021-10-08 10:53:21,Indore,Loan Fraud,dfa8d86e4a3508cf,BOB574141,Fraudulent loan approved in victim's name; money diverted to mule account.,22.61541,75.92906,yes,ATM-0013,2021-10-11 01:46:16
CMP-2023-1457,2023-09-24 02:08:34,Pune,Credit Card Fraud,ee39cccf0eecfc8a,KOTAK114627,Card details skimmed online; multiple unauthorized international charges.,18.50071,73.95192,no,,
CMP-2019-1458,2019-11-27 22:12:59,Delhi,Debit Card Fraud,c90680e3a0b32858,HDFC510299,Card cloned at compromised POS terminal; cash withdrawn from ATM.,28.69579,77.03377,yes,ATM-0255,2019-11-29 02:27:25
CMP-2020-1459,2020-10-27 00:24:27,Patna,SIM Swap,feb0daa777e985b2,AXIS299172,SIM swapped without consent; OTPs intercepted and account emptied.,25.59006,85.20472,yes,ATM-0082,2020-10-28 11:29:46
CMP-2022-1460,2022-12-29 17:51:33,Kolkata,UPI Fraud,68ec18e360520616,KOTAK840319,Unauthorized UPI transaction initiated from victim's account via social engineering.,22.56561,88.3007,yes,ATM-0254,2023-01-01 03:43:12
CMP-2021-1461,2021-07-01 05:06:26,Chennai,Lottery Scam,07ddbdcfb93d37a4,SBIN455027,Victim paid processing fee for fake lottery winnings and lost money.,13.12184,80.32592,yes,ATM-0063,2021-07-03 00:14:36
CMP-2022-1462,2022-03-06 10:25:02,Kolkata,KYC Fraud,1c8b66271640b185,SBIN487519,Fraudster posing as bank official updated KYC and drained the account.,22.5922,88.35596,yes,ATM-0190,2022-03-07 16:26:28
CMP-2020-1463,2020-04-03 22:02:01,Kolkata,Debit Card Fraud,f3844b31c0641563,BOB925026,Card cloned at compromised POS terminal; cash withdrawn from ATM.,22.50676,88.31613,no,,
CMP-2023-1464,2023-03-11 00:57:39,Indore,Credit Card Fraud,6b39844fd80292d2,UNION340047,Card details skimmed online; multiple unauthorized international charges.,22.78203,75.89052,no,,
CMP-2020-1465,2020-06-29 18:37:30,Lucknow,OTP Scam,c656e8e9839990f0,KOTAK635780,Victim shared OTP with caller impersonating bank support; funds transferred.,26.96092,80.91144,yes,ATM-0165,2020-06-30 00:28:45
CMP-2021-1466,2021-12-11 15:36:50,Lucknow,Lottery Scam,f740fe08d44a619f,BOB508500,Victim paid processing fee for fake lottery winnings and lost money.,26.92993,81.03358,yes,ATM-0074,2021-12-12 17:48:23
CMP-2023-1467,2023-09-01 01:41:37,Ahmedabad,Debit Card Fraud,43dfa355a84875d1,HDFC443109,Card cloned at compromised POS terminal; cash withdrawn from ATM.,22.97935,72.6076,no,,
CMP-2023-1468,2023-09-14 01:15:13,Kolkata,OTP Scam,0a33f0e62e6beefe,UNION662361,Victim shared OTP with caller impersonating bank support; funds transferred.,22.48262,88.45712,yes,ATM-0306,2023-09-15 20:49:10
CMP-2020-1469,2020-10-09 16:51:35,Chennai,Debit Card Fraud,b41534cf8afe201c,CNRB396176,Card cloned at compromised POS terminal; cash withdrawn from ATM.,13.00717,80.2335,no,,
CMP-2024-1470,2024-02-12 06:25:47,Hyderabad,Lottery Scam,fb198614138305e1,SBIN410486,Victim paid processing fee for fake lottery winnings and lost money.,17.24259,78.53219,no,,
CMP-2019-1471,2019-06-22 10:52:09,Ahmedabad,Credit Card Fraud,03b6ff369f6a4201,YESB682236,Card details skimmed online; multiple unauthorized international charges.,22.91959,72.55464,yes,ATM-0141,2019-06-23 19:41:50
CMP-2020-1472,2020-03-09 08:05:59,Lucknow,OTP Scam,1f66e88b71d951bb,SBIN714969,Victim shared OTP with caller impersonating bank support; funds transferred.,26.73526,81.08303,yes,ATM-0168,2020-03-10 23:53:06
CMP-2021-1473,2021-03-19 02:08:08,Kolkata,Loan Fraud,2a2891b0c4c53749,HDFC759439,Fraudulent loan approved in victim's name; money diverted to mule account.,22.55288,88.31107,yes,ATM-0314,2021-03-21 14:19:58
CMP-2019-1474,2019-03-17 15:56:07,Hyderabad,KYC Fraud,2dec924a67d39cb9,UNION141294,Fraudster posing as bank official updated KYC and drained the account.,17.49998,78.35346,no,,
CMP-2019-1475,2019-10-16 22:04:53,Mumbai,UPI Fraud,28b73e57e7d69ac3,SBIN207220,Unauthorized UPI transaction initiated from victim's account via social engineering.,19.08283,73.00974,yes,ATM-0185,2019-10-19 20:05:18
CMP-2021-1476,2021-01-10 21:42:10,Pune,KYC Fraud,f24f58bba6c2298e,ICICI616377,Fraudster posing as bank official updated KYC and drained the account.,18.49057,73.72535,yes,ATM-0203,2021-01-12 23:42:47
CMP-2022-1477,2022-04-15 21:09:35,Mumbai,Debit Card Fraud,5312380228fb309c,SBIN220847,Card cloned at compromised POS terminal; cash withdrawn from ATM.,19.15483,72.9883,yes,ATM-0029,2022-04-17 19:34:57
CMP-2022-1478,2022-05-06 21:17:09,Chennai,Debit Card Fraud,84a1f5b1f5ddc919,HDFC144224,Card cloned at compromised POS terminal; cash withdrawn from ATM.,12.9984,80.1905,yes,ATM-0071,2022-05-08 09:19:40
CMP-2020-1479,2020-12-08 14:00:58,Madurai,Loan Fraud,19d5609a4a4cd710,CNRB902723,Fraudulent loan approved in victim's name; money diverted to mule account.,9.86209,77.97685,no,,
CMP-2021-1480,2021-06-28 03:08:14,Mumbai,Phishing,6c77137e0fceed19,UNION137754,Victim received fraudulent email/SMS posing as bank and disclosed credentials.,18.98865,72.90252,yes,ATM-0360,2021-06-28 08:56:33
CMP-2024-1481,2024-04-15 16:31:24,Jaipur,Credit Card Fraud,75317ec1977d8eb7,AXIS259651,Card details skimmed online; multiple unauthorized international charges.,26.92327,75.91186,no,,
CMP-2020-1482,2020-09-08 14:02:21,Jaipur,KYC Fraud,9d6eccff1d96b9dd,YESB267628,Fraudster posing as bank official updated KYC and drained the account.,27.01285,75.86355,yes,ATM-0101,2020-09-09 13:35:15
CMP-2020-1483,2020-07-24 09:48:56,Mumbai,Lottery Scam,4e46652a42c6b22a,HDFC567186,Victim paid processing fee for fake lottery winnings and lost money.,19.10701,72.92312,no,,
CMP-2021-1484,2021-06-07 20:50:45,Delhi,UPI Fraud,8e93f06a6109b6c9,YESB943721,Unauthorized UPI transaction initiated from victim's account via social engineering.,28.58612,77.23243,yes,ATM-0292,2021-06-10 01:49:00
CMP-2020-1485,2020-10-16 06:05:48,Coimbatore,Debit Card Fraud,80cc31e58ef713ed,PNB478471,Card cloned at compromised POS terminal; cash withdrawn from ATM.,11.00593,77.00015,yes,ATM-0130,2020-10-16 21:42:24
CMP-2019-1486,2019-02-22 04:09:28,Chennai,Debit Card Fraud,21e32e70b4b8d19f,SBIN450153,Card cloned at compromised POS terminal; cash withdrawn from ATM.,12.99461,80.40474,yes,ATM-0168,2019-02-23 13:07:32
CMP-2021-1487,2021-05-06 03:25:44,Madurai,Credit Card Fraud,37c6a8eae80860f0,BOB688072,Card details skimmed online; multiple unauthorized international charges.,9.95422,78.2083,no,,
CMP-2024-1488,2024-08-16 18:35:56,Mumbai,Investment Scam,1abb38115b7f6a77,HDFC994101,Victim lured into fake crypto/stock investment platform and lost deposits.,18.93536,72.74271,yes,ATM-0141,2024-08-19 13:34:13
CMP-2020-1489,2020-10-26 20:26:00,Pune,Investment Scam,99289755c7e4ecb1,ICICI156138,Victim lured into fake crypto/stock investment platform and lost deposits.,18.48081,73.90043,no,,
CMP-2023-1490,2023-06-14 09:15:20,Kolkata,UPI Fraud,24093fc840d3429d,YESB785376,Unauthorized UPI transaction initiated from victim's account via social engineering.,22.42932,88.44503,no,,
CMP-2020-1491,2020-10-23 19:00:11,Hyderabad,OTP Scam,4bc47c60b220a764,AXIS226169,Victim shared OTP with caller impersonating bank support; funds transferred.,17.51082,78.55998,no,,
CMP-2019-1492,2019-03-08 12:51:00,Indore,OTP Scam,c08c46313cc35ef9,HDFC218055,Victim shared OTP with caller impersonating bank support; funds transferred.,22.59543,75.77814,no,,
CMP-2022-1493,2022-06-24 06:59:38,Jaipur,Lottery Scam,7a4c9af0808d0b85,HDFC837019,Victim paid processing fee for fake lottery winnings and lost money.,26.93137,75.65629,no,,
CMP-2020-1494,2020-04-17 02:34:03,Pune,Loan Fraud,0414cba95e9d507a,HDFC621586,Fraudulent loan approved in victim's name; money diverted to mule account.,18.50015,73.84641,yes,ATM-0007,2020-04-18 20:05:39
CMP-2019-1495,2019-04-07 11:28:07,Mumbai,Lottery Scam,19f848511f6808b8,PNB853790,Victim paid processing fee for fake lottery winnings and lost money.,19.06975,72.96828,yes,ATM-0140,2019-04-10 08:49:05
CMP-2020-1496,2020-02-17 01:27:47,Coimbatore,OTP Scam,0a2280112dc6bc5f,HDFC781765,Victim shared OTP with caller impersonating bank support; funds transferred.,10.88004,76.97476,no,,
CMP-2022-1497,2022-05-09 15:31:55,Coimbatore,OTP Scam,19fcbea9516c6c31,AXIS850328,Victim shared OTP with caller impersonating bank support; funds transferred.,11.12134,76.81999,yes,ATM-0307,2022-05-10 17:58:39
CMP-2023-1498,2023-12-04 04:26:08,Jaipur,Credit Card Fraud,4babd001a38e5961,KOTAK861474,Card details skimmed online; multiple unauthorized international charges.,26.92771,75.68101,no,,
CMP-2021-1499,2021-01-29 19:29:12,Delhi,Investment Scam,50f56d212892620c,KOTAK590192,Victim lured into fake crypto/stock investment platform and lost deposits.,28.84915,77.18269,yes,ATM-0345,2021-02-01 01:36:22
CMP-2021-1500,2021-12-19 11:20:58,Jaipur,Loan Fraud,58119491f0c1c870,YESB190644,Fraudulent loan approved in victim's name; money diverted to mule account.,26.94305,75.90273,yes,ATM-0184,2021-12-21 09:49:22
